ID,GroundTruth,YEAR,MONTH,DAY
0,0.0,1979,5,26
1,0.0,1979,5,27
2,0.0,1979,5,28
3,1.0,1979,5,29
4,1.0,1979,5,30
5,1.0,1979,5,31
6,1.0,1979,6,1
7,1.0,1979,6,2
8,1.0,1979,6,3
9,1.0,1979,6,4
10,1.0,1979,6,5
11,1.0,1979,6,6
12,0.0,1979,6,7
13,0.0,1979,6,8
14,0.0,1979,6,9
15,0.0,1979,6,10
16,0.0,1979,6,11
17,0.0,1979,6,12
18,0.0,1979,6,13
19,0.0,1979,6,14
20,0.0,1979,6,15
21,0.0,1979,6,16
22,0.0,1979,6,17
23,0.0,1979,6,18
24,0.0,1979,6,19
25,0.0,1979,6,20
26,1.0,1979,6,21
27,1.0,1979,6,22
28,1.0,1979,6,23
29,1.0,1979,6,24
30,1.0,1979,6,25
31,1.0,1979,6,26
32,0.0,1979,6,27
33,0.0,1979,6,28
34,0.0,1979,6,29
35,0.0,1979,6,30
36,0.0,1979,7,1
37,0.0,1979,7,2
38,0.0,1979,7,3
39,0.0,1979,7,4
40,0.0,1979,7,5
41,0.0,1979,7,6
42,0.0,1979,7,7
43,0.0,1979,7,8
44,0.0,1979,7,9
45,0.0,1979,7,10
46,0.0,1979,7,11
47,0.0,1979,7,12
48,0.0,1979,7,13
49,0.0,1979,7,14
50,0.0,1979,7,15
51,0.0,1979,7,16
52,0.0,1979,7,17
53,0.0,1979,7,18
54,0.0,1979,7,19
55,0.0,1979,7,20
56,0.0,1979,7,21
57,0.0,1979,7,22
58,0.0,1979,7,23
59,0.0,1979,7,24
60,0.0,1979,7,25
61,0.0,1979,7,26
62,0.0,1979,7,27
63,0.0,1979,7,28
64,0.0,1979,7,29
65,0.0,1979,7,30
66,0.0,1979,7,31
67,0.0,1979,8,1
68,0.0,1979,8,2
69,0.0,1979,8,3
70,0.0,1979,8,4
71,0.0,1979,8,5
72,0.0,1979,8,6
73,0.0,1979,8,7
74,0.0,1979,8,8
75,0.0,1979,8,9
76,0.0,1979,8,10
77,1.0,1979,8,11
78,1.0,1979,8,12
79,1.0,1979,8,13
80,1.0,1979,8,14
81,1.0,1979,8,15
82,1.0,1979,8,16
83,1.0,1979,8,17
84,1.0,1979,8,18
85,1.0,1979,8,19
86,0.0,1979,8,20
87,0.0,1979,8,21
88,0.0,1979,8,22
89,0.0,1979,8,23
90,0.0,1979,8,24
91,0.0,1979,8,25
92,0.0,1979,8,26
93,0.0,1979,8,27
94,0.0,1979,8,28
95,0.0,1979,8,29
96,0.0,1979,8,30
97,0.0,1979,8,31
98,0.0,1979,9,1
99,0.0,1979,9,2
100,0.0,1979,9,3
101,0.0,1979,9,4
102,0.0,1979,9,5
103,0.0,1979,9,6
104,0.0,1980,5,26
105,0.0,1980,5,27
106,0.0,1980,5,28
107,0.0,1980,5,29
108,0.0,1980,5,30
109,0.0,1980,5,31
110,1.0,1980,6,1
111,1.0,1980,6,2
112,1.0,1980,6,3
113,1.0,1980,6,4
114,1.0,1980,6,5
115,1.0,1980,6,6
116,1.0,1980,6,7
117,1.0,1980,6,8
118,0.0,1980,6,9
119,0.0,1980,6,10
120,0.0,1980,6,11
121,0.0,1980,6,12
122,1.0,1980,6,13
123,1.0,1980,6,14
124,1.0,1980,6,15
125,1.0,1980,6,16
126,1.0,1980,6,17
127,1.0,1980,6,18
128,1.0,1980,6,19
129,0.0,1980,6,20
130,0.0,1980,6,21
131,0.0,1980,6,22
132,0.0,1980,6,23
133,0.0,1980,6,24
134,0.0,1980,6,25
135,0.0,1980,6,26
136,0.0,1980,6,27
137,0.0,1980,6,28
138,0.0,1980,6,29
139,0.0,1980,6,30
140,0.0,1980,7,1
141,0.0,1980,7,2
142,0.0,1980,7,3
143,0.0,1980,7,4
144,0.0,1980,7,5
145,0.0,1980,7,6
146,0.0,1980,7,7
147,0.0,1980,7,8
148,0.0,1980,7,9
149,0.0,1980,7,10
150,0.0,1980,7,11
151,0.0,1980,7,12
152,0.0,1980,7,13
153,0.0,1980,7,14
154,0.0,1980,7,15
155,0.0,1980,7,16
156,0.0,1980,7,17
157,0.0,1980,7,18
158,0.0,1980,7,19
159,0.0,1980,7,20
160,0.0,1980,7,21
161,0.0,1980,7,22
162,0.0,1980,7,23
163,1.0,1980,7,24
164,1.0,1980,7,25
165,1.0,1980,7,26
166,1.0,1980,7,27
167,1.0,1980,7,28
168,1.0,1980,7,29
169,1.0,1980,7,30
170,1.0,1980,7,31
171,1.0,1980,8,1
172,1.0,1980,8,2
173,1.0,1980,8,3
174,0.0,1980,8,4
175,0.0,1980,8,5
176,0.0,1980,8,6
177,0.0,1980,8,7
178,0.0,1980,8,8
179,0.0,1980,8,9
180,0.0,1980,8,10
181,0.0,1980,8,11
182,0.0,1980,8,12
183,0.0,1980,8,13
184,1.0,1980,8,14
185,1.0,1980,8,15
186,1.0,1980,8,16
187,1.0,1980,8,17
188,1.0,1980,8,18
189,0.0,1980,8,19
190,0.0,1980,8,20
191,0.0,1980,8,21
192,0.0,1980,8,22
193,0.0,1980,8,23
194,0.0,1980,8,24
195,0.0,1980,8,25
196,0.0,1980,8,26
197,0.0,1980,8,27
198,0.0,1980,8,28
199,0.0,1980,8,29
200,0.0,1980,8,30
201,0.0,1980,8,31
202,0.0,1980,9,1
203,0.0,1980,9,2
204,0.0,1980,9,3
205,0.0,1980,9,4
206,0.0,1980,9,5
207,0.0,1980,9,6
208,0.0,1981,5,26
209,0.0,1981,5,27
210,0.0,1981,5,28
211,0.0,1981,5,29
212,0.0,1981,5,30
213,0.0,1981,5,31
214,0.0,1981,6,1
215,0.0,1981,6,2
216,0.0,1981,6,3
217,0.0,1981,6,4
218,0.0,1981,6,5
219,0.0,1981,6,6
220,0.0,1981,6,7
221,0.0,1981,6,8
222,0.0,1981,6,9
223,0.0,1981,6,10
224,1.0,1981,6,11
225,1.0,1981,6,12
226,1.0,1981,6,13
227,1.0,1981,6,14
228,1.0,1981,6,15
229,0.0,1981,6,16
230,0.0,1981,6,17
231,0.0,1981,6,18
232,0.0,1981,6,19
233,0.0,1981,6,20
234,0.0,1981,6,21
235,0.0,1981,6,22
236,0.0,1981,6,23
237,0.0,1981,6,24
238,0.0,1981,6,25
239,0.0,1981,6,26
240,0.0,1981,6,27
241,0.0,1981,6,28
242,0.0,1981,6,29
243,0.0,1981,6,30
244,0.0,1981,7,1
245,0.0,1981,7,2
246,0.0,1981,7,3
247,0.0,1981,7,4
248,0.0,1981,7,5
249,0.0,1981,7,6
250,0.0,1981,7,7
251,1.0,1981,7,8
252,1.0,1981,7,9
253,1.0,1981,7,10
254,1.0,1981,7,11
255,1.0,1981,7,12
256,0.0,1981,7,13
257,0.0,1981,7,14
258,0.0,1981,7,15
259,0.0,1981,7,16
260,0.0,1981,7,17
261,0.0,1981,7,18
262,0.0,1981,7,19
263,0.0,1981,7,20
264,0.0,1981,7,21
265,0.0,1981,7,22
266,0.0,1981,7,23
267,0.0,1981,7,24
268,0.0,1981,7,25
269,1.0,1981,7,26
270,1.0,1981,7,27
271,1.0,1981,7,28
272,1.0,1981,7,29
273,1.0,1981,7,30
274,0.0,1981,7,31
275,0.0,1981,8,1
276,0.0,1981,8,2
277,1.0,1981,8,3
278,1.0,1981,8,4
279,1.0,1981,8,5
280,1.0,1981,8,6
281,1.0,1981,8,7
282,1.0,1981,8,8
283,0.0,1981,8,9
284,1.0,1981,8,10
285,1.0,1981,8,11
286,1.0,1981,8,12
287,1.0,1981,8,13
288,1.0,1981,8,14
289,0.0,1981,8,15
290,0.0,1981,8,16
291,0.0,1981,8,17
292,0.0,1981,8,18
293,0.0,1981,8,19
294,0.0,1981,8,20
295,0.0,1981,8,21
296,0.0,1981,8,22
297,0.0,1981,8,23
298,1.0,1981,8,24
299,1.0,1981,8,25
300,1.0,1981,8,26
301,1.0,1981,8,27
302,1.0,1981,8,28
303,1.0,1981,8,29
304,1.0,1981,8,30
305,1.0,1981,8,31
306,1.0,1981,9,1
307,1.0,1981,9,2
308,1.0,1981,9,3
309,1.0,1981,9,4
310,0.0,1981,9,5
311,0.0,1981,9,6
312,0.0,1982,5,26
313,0.0,1982,5,27
314,0.0,1982,5,28
315,0.0,1982,5,29
316,1.0,1982,5,30
317,1.0,1982,5,31
318,1.0,1982,6,1
319,1.0,1982,6,2
320,1.0,1982,6,3
321,1.0,1982,6,4
322,1.0,1982,6,5
323,1.0,1982,6,6
324,1.0,1982,6,7
325,1.0,1982,6,8
326,0.0,1982,6,9
327,0.0,1982,6,10
328,0.0,1982,6,11
329,0.0,1982,6,12
330,0.0,1982,6,13
331,0.0,1982,6,14
332,0.0,1982,6,15
333,0.0,1982,6,16
334,0.0,1982,6,17
335,0.0,1982,6,18
336,0.0,1982,6,19
337,0.0,1982,6,20
338,0.0,1982,6,21
339,0.0,1982,6,22
340,0.0,1982,6,23
341,0.0,1982,6,24
342,0.0,1982,6,25
343,0.0,1982,6,26
344,0.0,1982,6,27
345,0.0,1982,6,28
346,0.0,1982,6,29
347,0.0,1982,6,30
348,0.0,1982,7,1
349,0.0,1982,7,2
350,0.0,1982,7,3
351,0.0,1982,7,4
352,1.0,1982,7,5
353,1.0,1982,7,6
354,1.0,1982,7,7
355,1.0,1982,7,8
356,1.0,1982,7,9
357,1.0,1982,7,10
358,1.0,1982,7,11
359,1.0,1982,7,12
360,1.0,1982,7,13
361,1.0,1982,7,14
362,1.0,1982,7,15
363,1.0,1982,7,16
364,1.0,1982,7,17
365,1.0,1982,7,18
366,1.0,1982,7,19
367,1.0,1982,7,20
368,1.0,1982,7,21
369,1.0,1982,7,22
370,1.0,1982,7,23
371,0.0,1982,7,24
372,0.0,1982,7,25
373,0.0,1982,7,26
374,1.0,1982,7,27
375,1.0,1982,7,28
376,1.0,1982,7,29
377,1.0,1982,7,30
378,1.0,1982,7,31
379,1.0,1982,8,1
380,1.0,1982,8,2
381,1.0,1982,8,3
382,1.0,1982,8,4
383,1.0,1982,8,5
384,1.0,1982,8,6
385,0.0,1982,8,7
386,0.0,1982,8,8
387,0.0,1982,8,9
388,0.0,1982,8,10
389,0.0,1982,8,11
390,0.0,1982,8,12
391,0.0,1982,8,13
392,0.0,1982,8,14
393,0.0,1982,8,15
394,0.0,1982,8,16
395,0.0,1982,8,17
396,0.0,1982,8,18
397,0.0,1982,8,19
398,0.0,1982,8,20
399,0.0,1982,8,21
400,0.0,1982,8,22
401,0.0,1982,8,23
402,0.0,1982,8,24
403,0.0,1982,8,25
404,0.0,1982,8,26
405,0.0,1982,8,27
406,0.0,1982,8,28
407,0.0,1982,8,29
408,0.0,1982,8,30
409,0.0,1982,8,31
410,0.0,1982,9,1
411,0.0,1982,9,2
412,0.0,1982,9,3
413,0.0,1982,9,4
414,0.0,1982,9,5
415,0.0,1982,9,6
416,0.0,1983,5,26
417,0.0,1983,5,27
418,0.0,1983,5,28
419,0.0,1983,5,29
420,0.0,1983,5,30
421,0.0,1983,5,31
422,0.0,1983,6,1
423,0.0,1983,6,2
424,0.0,1983,6,3
425,0.0,1983,6,4
426,0.0,1983,6,5
427,0.0,1983,6,6
428,0.0,1983,6,7
429,0.0,1983,6,8
430,0.0,1983,6,9
431,0.0,1983,6,10
432,0.0,1983,6,11
433,0.0,1983,6,12
434,0.0,1983,6,13
435,0.0,1983,6,14
436,0.0,1983,6,15
437,0.0,1983,6,16
438,1.0,1983,6,17
439,1.0,1983,6,18
440,1.0,1983,6,19
441,1.0,1983,6,20
442,1.0,1983,6,21
443,1.0,1983,6,22
444,0.0,1983,6,23
445,0.0,1983,6,24
446,0.0,1983,6,25
447,0.0,1983,6,26
448,0.0,1983,6,27
449,0.0,1983,6,28
450,0.0,1983,6,29
451,0.0,1983,6,30
452,0.0,1983,7,1
453,0.0,1983,7,2
454,0.0,1983,7,3
455,0.0,1983,7,4
456,1.0,1983,7,5
457,1.0,1983,7,6
458,1.0,1983,7,7
459,1.0,1983,7,8
460,1.0,1983,7,9
461,1.0,1983,7,10
462,1.0,1983,7,11
463,1.0,1983,7,12
464,0.0,1983,7,13
465,0.0,1983,7,14
466,0.0,1983,7,15
467,0.0,1983,7,16
468,0.0,1983,7,17
469,0.0,1983,7,18
470,0.0,1983,7,19
471,0.0,1983,7,20
472,0.0,1983,7,21
473,0.0,1983,7,22
474,1.0,1983,7,23
475,1.0,1983,7,24
476,1.0,1983,7,25
477,1.0,1983,7,26
478,1.0,1983,7,27
479,1.0,1983,7,28
480,0.0,1983,7,29
481,0.0,1983,7,30
482,0.0,1983,7,31
483,0.0,1983,8,1
484,0.0,1983,8,2
485,0.0,1983,8,3
486,0.0,1983,8,4
487,1.0,1983,8,5
488,1.0,1983,8,6
489,1.0,1983,8,7
490,1.0,1983,8,8
491,1.0,1983,8,9
492,1.0,1983,8,10
493,0.0,1983,8,11
494,0.0,1983,8,12
495,0.0,1983,8,13
496,0.0,1983,8,14
497,0.0,1983,8,15
498,0.0,1983,8,16
499,0.0,1983,8,17
500,0.0,1983,8,18
501,1.0,1983,8,19
502,1.0,1983,8,20
503,1.0,1983,8,21
504,1.0,1983,8,22
505,1.0,1983,8,23
506,1.0,1983,8,24
507,1.0,1983,8,25
508,1.0,1983,8,26
509,1.0,1983,8,27
510,1.0,1983,8,28
511,0.0,1983,8,29
512,0.0,1983,8,30
513,0.0,1983,8,31
514,0.0,1983,9,1
515,0.0,1983,9,2
516,0.0,1983,9,3
517,0.0,1983,9,4
518,0.0,1983,9,5
519,0.0,1983,9,6
520,0.0,1984,5,26
521,0.0,1984,5,27
522,1.0,1984,5,28
523,1.0,1984,5,29
524,1.0,1984,5,30
525,1.0,1984,5,31
526,1.0,1984,6,1
527,1.0,1984,6,2
528,1.0,1984,6,3
529,1.0,1984,6,4
530,1.0,1984,6,5
531,1.0,1984,6,6
532,0.0,1984,6,7
533,0.0,1984,6,8
534,0.0,1984,6,9
535,0.0,1984,6,10
536,0.0,1984,6,11
537,0.0,1984,6,12
538,0.0,1984,6,13
539,0.0,1984,6,14
540,0.0,1984,6,15
541,0.0,1984,6,16
542,0.0,1984,6,17
543,0.0,1984,6,18
544,0.0,1984,6,19
545,0.0,1984,6,20
546,0.0,1984,6,21
547,0.0,1984,6,22
548,0.0,1984,6,23
549,0.0,1984,6,24
550,0.0,1984,6,25
551,0.0,1984,6,26
552,0.0,1984,6,27
553,0.0,1984,6,28
554,0.0,1984,6,29
555,0.0,1984,6,30
556,0.0,1984,7,1
557,0.0,1984,7,2
558,0.0,1984,7,3
559,0.0,1984,7,4
560,0.0,1984,7,5
561,0.0,1984,7,6
562,0.0,1984,7,7
563,0.0,1984,7,8
564,0.0,1984,7,9
565,0.0,1984,7,10
566,0.0,1984,7,11
567,0.0,1984,7,12
568,0.0,1984,7,13
569,0.0,1984,7,14
570,0.0,1984,7,15
571,0.0,1984,7,16
572,0.0,1984,7,17
573,0.0,1984,7,18
574,0.0,1984,7,19
575,0.0,1984,7,20
576,0.0,1984,7,21
577,0.0,1984,7,22
578,0.0,1984,7,23
579,0.0,1984,7,24
580,0.0,1984,7,25
581,0.0,1984,7,26
582,0.0,1984,7,27
583,0.0,1984,7,28
584,0.0,1984,7,29
585,0.0,1984,7,30
586,1.0,1984,7,31
587,1.0,1984,8,1
588,1.0,1984,8,2
589,1.0,1984,8,3
590,1.0,1984,8,4
591,1.0,1984,8,5
592,1.0,1984,8,6
593,1.0,1984,8,7
594,1.0,1984,8,8
595,1.0,1984,8,9
596,1.0,1984,8,10
597,1.0,1984,8,11
598,1.0,1984,8,12
599,0.0,1984,8,13
600,0.0,1984,8,14
601,0.0,1984,8,15
602,0.0,1984,8,16
603,0.0,1984,8,17
604,0.0,1984,8,18
605,1.0,1984,8,19
606,1.0,1984,8,20
607,1.0,1984,8,21
608,1.0,1984,8,22
609,1.0,1984,8,23
610,1.0,1984,8,24
611,1.0,1984,8,25
612,1.0,1984,8,26
613,0.0,1984,8,27
614,0.0,1984,8,28
615,0.0,1984,8,29
616,0.0,1984,8,30
617,0.0,1984,8,31
618,0.0,1984,9,1
619,0.0,1984,9,2
620,0.0,1984,9,3
621,0.0,1984,9,4
622,0.0,1984,9,5
623,0.0,1984,9,6
624,0.0,1985,5,26
625,0.0,1985,5,27
626,0.0,1985,5,28
627,0.0,1985,5,29
628,0.0,1985,5,30
629,0.0,1985,5,31
630,0.0,1985,6,1
631,0.0,1985,6,2
632,0.0,1985,6,3
633,0.0,1985,6,4
634,0.0,1985,6,5
635,0.0,1985,6,6
636,0.0,1985,6,7
637,0.0,1985,6,8
638,0.0,1985,6,9
639,0.0,1985,6,10
640,0.0,1985,6,11
641,0.0,1985,6,12
642,0.0,1985,6,13
643,0.0,1985,6,14
644,0.0,1985,6,15
645,0.0,1985,6,16
646,0.0,1985,6,17
647,0.0,1985,6,18
648,0.0,1985,6,19
649,0.0,1985,6,20
650,0.0,1985,6,21
651,0.0,1985,6,22
652,0.0,1985,6,23
653,0.0,1985,6,24
654,0.0,1985,6,25
655,0.0,1985,6,26
656,0.0,1985,6,27
657,0.0,1985,6,28
658,0.0,1985,6,29
659,0.0,1985,6,30
660,0.0,1985,7,1
661,0.0,1985,7,2
662,1.0,1985,7,3
663,1.0,1985,7,4
664,1.0,1985,7,5
665,1.0,1985,7,6
666,1.0,1985,7,7
667,0.0,1985,7,8
668,0.0,1985,7,9
669,0.0,1985,7,10
670,0.0,1985,7,11
671,0.0,1985,7,12
672,1.0,1985,7,13
673,1.0,1985,7,14
674,1.0,1985,7,15
675,1.0,1985,7,16
676,1.0,1985,7,17
677,1.0,1985,7,18
678,0.0,1985,7,19
679,0.0,1985,7,20
680,0.0,1985,7,21
681,0.0,1985,7,22
682,0.0,1985,7,23
683,0.0,1985,7,24
684,0.0,1985,7,25
685,0.0,1985,7,26
686,0.0,1985,7,27
687,0.0,1985,7,28
688,0.0,1985,7,29
689,0.0,1985,7,30
690,0.0,1985,7,31
691,0.0,1985,8,1
692,0.0,1985,8,2
693,0.0,1985,8,3
694,0.0,1985,8,4
695,0.0,1985,8,5
696,0.0,1985,8,6
697,0.0,1985,8,7
698,0.0,1985,8,8
699,0.0,1985,8,9
700,0.0,1985,8,10
701,0.0,1985,8,11
702,0.0,1985,8,12
703,0.0,1985,8,13
704,0.0,1985,8,14
705,0.0,1985,8,15
706,0.0,1985,8,16
707,0.0,1985,8,17
708,0.0,1985,8,18
709,0.0,1985,8,19
710,0.0,1985,8,20
711,0.0,1985,8,21
712,0.0,1985,8,22
713,0.0,1985,8,23
714,0.0,1985,8,24
715,0.0,1985,8,25
716,0.0,1985,8,26
717,0.0,1985,8,27
718,0.0,1985,8,28
719,0.0,1985,8,29
720,0.0,1985,8,30
721,0.0,1985,8,31
722,0.0,1985,9,1
723,0.0,1985,9,2
724,0.0,1985,9,3
725,0.0,1985,9,4
726,0.0,1985,9,5
727,0.0,1985,9,6
728,0.0,1986,5,26
729,0.0,1986,5,27
730,0.0,1986,5,28
731,0.0,1986,5,29
732,0.0,1986,5,30
733,0.0,1986,5,31
734,0.0,1986,6,1
735,0.0,1986,6,2
736,0.0,1986,6,3
737,0.0,1986,6,4
738,0.0,1986,6,5
739,0.0,1986,6,6
740,0.0,1986,6,7
741,0.0,1986,6,8
742,0.0,1986,6,9
743,1.0,1986,6,10
744,1.0,1986,6,11
745,1.0,1986,6,12
746,1.0,1986,6,13
747,1.0,1986,6,14
748,1.0,1986,6,15
749,1.0,1986,6,16
750,1.0,1986,6,17
751,1.0,1986,6,18
752,1.0,1986,6,19
753,1.0,1986,6,20
754,1.0,1986,6,21
755,1.0,1986,6,22
756,1.0,1986,6,23
757,1.0,1986,6,24
758,1.0,1986,6,25
759,1.0,1986,6,26
760,1.0,1986,6,27
761,1.0,1986,6,28
762,1.0,1986,6,29
763,1.0,1986,6,30
764,1.0,1986,7,1
765,1.0,1986,7,2
766,1.0,1986,7,3
767,1.0,1986,7,4
768,0.0,1986,7,5
769,0.0,1986,7,6
770,0.0,1986,7,7
771,0.0,1986,7,8
772,0.0,1986,7,9
773,0.0,1986,7,10
774,0.0,1986,7,11
775,0.0,1986,7,12
776,1.0,1986,7,13
777,1.0,1986,7,14
778,1.0,1986,7,15
779,1.0,1986,7,16
780,1.0,1986,7,17
781,0.0,1986,7,18
782,0.0,1986,7,19
783,0.0,1986,7,20
784,0.0,1986,7,21
785,0.0,1986,7,22
786,0.0,1986,7,23
787,0.0,1986,7,24
788,0.0,1986,7,25
789,0.0,1986,7,26
790,0.0,1986,7,27
791,0.0,1986,7,28
792,0.0,1986,7,29
793,0.0,1986,7,30
794,0.0,1986,7,31
795,1.0,1986,8,1
796,1.0,1986,8,2
797,1.0,1986,8,3
798,1.0,1986,8,4
799,1.0,1986,8,5
800,0.0,1986,8,6
801,0.0,1986,8,7
802,0.0,1986,8,8
803,0.0,1986,8,9
804,0.0,1986,8,10
805,0.0,1986,8,11
806,0.0,1986,8,12
807,0.0,1986,8,13
808,0.0,1986,8,14
809,0.0,1986,8,15
810,0.0,1986,8,16
811,0.0,1986,8,17
812,0.0,1986,8,18
813,0.0,1986,8,19
814,0.0,1986,8,20
815,0.0,1986,8,21
816,0.0,1986,8,22
817,0.0,1986,8,23
818,0.0,1986,8,24
819,0.0,1986,8,25
820,0.0,1986,8,26
821,0.0,1986,8,27
822,0.0,1986,8,28
823,0.0,1986,8,29
824,0.0,1986,8,30
825,0.0,1986,8,31
826,0.0,1986,9,1
827,0.0,1986,9,2
828,0.0,1986,9,3
829,0.0,1986,9,4
830,0.0,1986,9,5
831,0.0,1986,9,6
832,0.0,1987,5,26
833,0.0,1987,5,27
834,0.0,1987,5,28
835,0.0,1987,5,29
836,0.0,1987,5,30
837,0.0,1987,5,31
838,0.0,1987,6,1
839,0.0,1987,6,2
840,0.0,1987,6,3
841,0.0,1987,6,4
842,0.0,1987,6,5
843,0.0,1987,6,6
844,0.0,1987,6,7
845,0.0,1987,6,8
846,0.0,1987,6,9
847,0.0,1987,6,10
848,0.0,1987,6,11
849,0.0,1987,6,12
850,0.0,1987,6,13
851,0.0,1987,6,14
852,0.0,1987,6,15
853,0.0,1987,6,16
854,0.0,1987,6,17
855,0.0,1987,6,18
856,0.0,1987,6,19
857,0.0,1987,6,20
858,0.0,1987,6,21
859,0.0,1987,6,22
860,0.0,1987,6,23
861,0.0,1987,6,24
862,0.0,1987,6,25
863,0.0,1987,6,26
864,0.0,1987,6,27
865,1.0,1987,6,28
866,1.0,1987,6,29
867,1.0,1987,6,30
868,1.0,1987,7,1
869,1.0,1987,7,2
870,1.0,1987,7,3
871,1.0,1987,7,4
872,1.0,1987,7,5
873,1.0,1987,7,6
874,0.0,1987,7,7
875,0.0,1987,7,8
876,0.0,1987,7,9
877,0.0,1987,7,10
878,0.0,1987,7,11
879,0.0,1987,7,12
880,0.0,1987,7,13
881,0.0,1987,7,14
882,0.0,1987,7,15
883,1.0,1987,7,16
884,1.0,1987,7,17
885,1.0,1987,7,18
886,1.0,1987,7,19
887,1.0,1987,7,20
888,1.0,1987,7,21
889,1.0,1987,7,22
890,1.0,1987,7,23
891,0.0,1987,7,24
892,0.0,1987,7,25
893,0.0,1987,7,26
894,0.0,1987,7,27
895,0.0,1987,7,28
896,0.0,1987,7,29
897,0.0,1987,7,30
898,0.0,1987,7,31
899,0.0,1987,8,1
900,0.0,1987,8,2
901,0.0,1987,8,3
902,0.0,1987,8,4
903,0.0,1987,8,5
904,0.0,1987,8,6
905,0.0,1987,8,7
906,0.0,1987,8,8
907,0.0,1987,8,9
908,0.0,1987,8,10
909,0.0,1987,8,11
910,0.0,1987,8,12
911,0.0,1987,8,13
912,0.0,1987,8,14
913,0.0,1987,8,15
914,0.0,1987,8,16
915,0.0,1987,8,17
916,0.0,1987,8,18
917,0.0,1987,8,19
918,0.0,1987,8,20
919,1.0,1987,8,21
920,1.0,1987,8,22
921,1.0,1987,8,23
922,1.0,1987,8,24
923,1.0,1987,8,25
924,1.0,1987,8,26
925,0.0,1987,8,27
926,0.0,1987,8,28
927,0.0,1987,8,29
928,0.0,1987,8,30
929,0.0,1987,8,31
930,0.0,1987,9,1
931,0.0,1987,9,2
932,0.0,1987,9,3
933,0.0,1987,9,4
934,0.0,1987,9,5
935,0.0,1987,9,6
936,0.0,1988,5,26
937,0.0,1988,5,27
938,0.0,1988,5,28
939,0.0,1988,5,29
940,0.0,1988,5,30
941,0.0,1988,5,31
942,0.0,1988,6,1
943,0.0,1988,6,2
944,0.0,1988,6,3
945,0.0,1988,6,4
946,0.0,1988,6,5
947,0.0,1988,6,6
948,1.0,1988,6,7
949,1.0,1988,6,8
950,1.0,1988,6,9
951,1.0,1988,6,10
952,1.0,1988,6,11
953,1.0,1988,6,12
954,1.0,1988,6,13
955,0.0,1988,6,14
956,0.0,1988,6,15
957,0.0,1988,6,16
958,0.0,1988,6,17
959,0.0,1988,6,18
960,1.0,1988,6,19
961,1.0,1988,6,20
962,1.0,1988,6,21
963,1.0,1988,6,22
964,1.0,1988,6,23
965,1.0,1988,6,24
966,1.0,1988,6,25
967,1.0,1988,6,26
968,1.0,1988,6,27
969,1.0,1988,6,28
970,1.0,1988,6,29
971,0.0,1988,6,30
972,0.0,1988,7,1
973,0.0,1988,7,2
974,0.0,1988,7,3
975,0.0,1988,7,4
976,1.0,1988,7,5
977,1.0,1988,7,6
978,1.0,1988,7,7
979,1.0,1988,7,8
980,1.0,1988,7,9
981,0.0,1988,7,10
982,0.0,1988,7,11
983,1.0,1988,7,12
984,1.0,1988,7,13
985,1.0,1988,7,14
986,1.0,1988,7,15
987,1.0,1988,7,16
988,1.0,1988,7,17
989,1.0,1988,7,18
990,1.0,1988,7,19
991,1.0,1988,7,20
992,0.0,1988,7,21
993,0.0,1988,7,22
994,0.0,1988,7,23
995,1.0,1988,7,24
996,1.0,1988,7,25
997,1.0,1988,7,26
998,1.0,1988,7,27
999,1.0,1988,7,28
1000,0.0,1988,7,29
1001,0.0,1988,7,30
1002,0.0,1988,7,31
1003,0.0,1988,8,1
1004,0.0,1988,8,2
1005,0.0,1988,8,3
1006,0.0,1988,8,4
1007,0.0,1988,8,5
1008,1.0,1988,8,6
1009,1.0,1988,8,7
1010,1.0,1988,8,8
1011,1.0,1988,8,9
1012,1.0,1988,8,10
1013,0.0,1988,8,11
1014,0.0,1988,8,12
1015,0.0,1988,8,13
1016,0.0,1988,8,14
1017,0.0,1988,8,15
1018,0.0,1988,8,16
1019,0.0,1988,8,17
1020,0.0,1988,8,18
1021,0.0,1988,8,19
1022,0.0,1988,8,20
1023,0.0,1988,8,21
1024,0.0,1988,8,22
1025,0.0,1988,8,23
1026,0.0,1988,8,24
1027,0.0,1988,8,25
1028,0.0,1988,8,26
1029,0.0,1988,8,27
1030,0.0,1988,8,28
1031,0.0,1988,8,29
1032,0.0,1988,8,30
1033,0.0,1988,8,31
1034,0.0,1988,9,1
1035,0.0,1988,9,2
1036,0.0,1988,9,3
1037,0.0,1988,9,4
1038,0.0,1988,9,5
1039,0.0,1988,9,6
1040,0.0,1989,5,26
1041,0.0,1989,5,27
1042,0.0,1989,5,28
1043,0.0,1989,5,29
1044,0.0,1989,5,30
1045,0.0,1989,5,31
1046,0.0,1989,6,1
1047,0.0,1989,6,2
1048,0.0,1989,6,3
1049,0.0,1989,6,4
1050,0.0,1989,6,5
1051,0.0,1989,6,6
1052,0.0,1989,6,7
1053,0.0,1989,6,8
1054,0.0,1989,6,9
1055,0.0,1989,6,10
1056,0.0,1989,6,11
1057,1.0,1989,6,12
1058,1.0,1989,6,13
1059,1.0,1989,6,14
1060,1.0,1989,6,15
1061,1.0,1989,6,16
1062,1.0,1989,6,17
1063,1.0,1989,6,18
1064,1.0,1989,6,19
1065,1.0,1989,6,20
1066,0.0,1989,6,21
1067,0.0,1989,6,22
1068,0.0,1989,6,23
1069,0.0,1989,6,24
1070,0.0,1989,6,25
1071,0.0,1989,6,26
1072,0.0,1989,6,27
1073,0.0,1989,6,28
1074,0.0,1989,6,29
1075,0.0,1989,6,30
1076,0.0,1989,7,1
1077,0.0,1989,7,2
1078,1.0,1989,7,3
1079,1.0,1989,7,4
1080,1.0,1989,7,5
1081,1.0,1989,7,6
1082,1.0,1989,7,7
1083,1.0,1989,7,8
1084,1.0,1989,7,9
1085,1.0,1989,7,10
1086,1.0,1989,7,11
1087,0.0,1989,7,12
1088,0.0,1989,7,13
1089,0.0,1989,7,14
1090,0.0,1989,7,15
1091,0.0,1989,7,16
1092,0.0,1989,7,17
1093,0.0,1989,7,18
1094,0.0,1989,7,19
1095,1.0,1989,7,20
1096,1.0,1989,7,21
1097,1.0,1989,7,22
1098,1.0,1989,7,23
1099,1.0,1989,7,24
1100,1.0,1989,7,25
1101,1.0,1989,7,26
1102,0.0,1989,7,27
1103,0.0,1989,7,28
1104,0.0,1989,7,29
1105,0.0,1989,7,30
1106,0.0,1989,7,31
1107,0.0,1989,8,1
1108,0.0,1989,8,2
1109,0.0,1989,8,3
1110,0.0,1989,8,4
1111,0.0,1989,8,5
1112,0.0,1989,8,6
1113,0.0,1989,8,7
1114,0.0,1989,8,8
1115,0.0,1989,8,9
1116,0.0,1989,8,10
1117,0.0,1989,8,11
1118,0.0,1989,8,12
1119,0.0,1989,8,13
1120,0.0,1989,8,14
1121,0.0,1989,8,15
1122,1.0,1989,8,16
1123,1.0,1989,8,17
1124,1.0,1989,8,18
1125,1.0,1989,8,19
1126,1.0,1989,8,20
1127,1.0,1989,8,21
1128,0.0,1989,8,22
1129,0.0,1989,8,23
1130,0.0,1989,8,24
1131,0.0,1989,8,25
1132,0.0,1989,8,26
1133,0.0,1989,8,27
1134,0.0,1989,8,28
1135,0.0,1989,8,29
1136,0.0,1989,8,30
1137,0.0,1989,8,31
1138,0.0,1989,9,1
1139,0.0,1989,9,2
1140,0.0,1989,9,3
1141,0.0,1989,9,4
1142,0.0,1989,9,5
1143,0.0,1989,9,6
1144,0.0,1990,5,26
1145,0.0,1990,5,27
1146,0.0,1990,5,28
1147,0.0,1990,5,29
1148,0.0,1990,5,30
1149,0.0,1990,5,31
1150,0.0,1990,6,1
1151,0.0,1990,6,2
1152,0.0,1990,6,3
1153,0.0,1990,6,4
1154,0.0,1990,6,5
1155,0.0,1990,6,6
1156,0.0,1990,6,7
1157,0.0,1990,6,8
1158,0.0,1990,6,9
1159,0.0,1990,6,10
1160,0.0,1990,6,11
1161,0.0,1990,6,12
1162,0.0,1990,6,13
1163,0.0,1990,6,14
1164,0.0,1990,6,15
1165,0.0,1990,6,16
1166,0.0,1990,6,17
1167,0.0,1990,6,18
1168,0.0,1990,6,19
1169,0.0,1990,6,20
1170,1.0,1990,6,21
1171,1.0,1990,6,22
1172,1.0,1990,6,23
1173,1.0,1990,6,24
1174,1.0,1990,6,25
1175,0.0,1990,6,26
1176,0.0,1990,6,27
1177,0.0,1990,6,28
1178,0.0,1990,6,29
1179,0.0,1990,6,30
1180,0.0,1990,7,1
1181,0.0,1990,7,2
1182,0.0,1990,7,3
1183,0.0,1990,7,4
1184,0.0,1990,7,5
1185,0.0,1990,7,6
1186,0.0,1990,7,7
1187,0.0,1990,7,8
1188,0.0,1990,7,9
1189,0.0,1990,7,10
1190,0.0,1990,7,11
1191,0.0,1990,7,12
1192,1.0,1990,7,13
1193,1.0,1990,7,14
1194,1.0,1990,7,15
1195,1.0,1990,7,16
1196,1.0,1990,7,17
1197,1.0,1990,7,18
1198,1.0,1990,7,19
1199,1.0,1990,7,20
1200,1.0,1990,7,21
1201,1.0,1990,7,22
1202,1.0,1990,7,23
1203,1.0,1990,7,24
1204,1.0,1990,7,25
1205,1.0,1990,7,26
1206,1.0,1990,7,27
1207,1.0,1990,7,28
1208,1.0,1990,7,29
1209,1.0,1990,7,30
1210,1.0,1990,7,31
1211,1.0,1990,8,1
1212,1.0,1990,8,2
1213,0.0,1990,8,3
1214,0.0,1990,8,4
1215,0.0,1990,8,5
1216,0.0,1990,8,6
1217,0.0,1990,8,7
1218,0.0,1990,8,8
1219,0.0,1990,8,9
1220,0.0,1990,8,10
1221,0.0,1990,8,11
1222,0.0,1990,8,12
1223,0.0,1990,8,13
1224,1.0,1990,8,14
1225,1.0,1990,8,15
1226,1.0,1990,8,16
1227,1.0,1990,8,17
1228,1.0,1990,8,18
1229,0.0,1990,8,19
1230,0.0,1990,8,20
1231,0.0,1990,8,21
1232,0.0,1990,8,22
1233,0.0,1990,8,23
1234,0.0,1990,8,24
1235,0.0,1990,8,25
1236,0.0,1990,8,26
1237,0.0,1990,8,27
1238,0.0,1990,8,28
1239,0.0,1990,8,29
1240,0.0,1990,8,30
1241,0.0,1990,8,31
1242,0.0,1990,9,1
1243,0.0,1990,9,2
1244,0.0,1990,9,3
1245,0.0,1990,9,4
1246,0.0,1990,9,5
1247,0.0,1990,9,6
1248,0.0,1991,5,26
1249,0.0,1991,5,27
1250,0.0,1991,5,28
1251,0.0,1991,5,29
1252,0.0,1991,5,30
1253,0.0,1991,5,31
1254,0.0,1991,6,1
1255,0.0,1991,6,2
1256,0.0,1991,6,3
1257,0.0,1991,6,4
1258,0.0,1991,6,5
1259,0.0,1991,6,6
1260,0.0,1991,6,7
1261,0.0,1991,6,8
1262,0.0,1991,6,9
1263,0.0,1991,6,10
1264,0.0,1991,6,11
1265,0.0,1991,6,12
1266,0.0,1991,6,13
1267,0.0,1991,6,14
1268,0.0,1991,6,15
1269,0.0,1991,6,16
1270,0.0,1991,6,17
1271,0.0,1991,6,18
1272,0.0,1991,6,19
1273,0.0,1991,6,20
1274,0.0,1991,6,21
1275,0.0,1991,6,22
1276,0.0,1991,6,23
1277,0.0,1991,6,24
1278,0.0,1991,6,25
1279,0.0,1991,6,26
1280,0.0,1991,6,27
1281,0.0,1991,6,28
1282,0.0,1991,6,29
1283,0.0,1991,6,30
1284,0.0,1991,7,1
1285,1.0,1991,7,2
1286,1.0,1991,7,3
1287,1.0,1991,7,4
1288,1.0,1991,7,5
1289,1.0,1991,7,6
1290,1.0,1991,7,7
1291,1.0,1991,7,8
1292,1.0,1991,7,9
1293,0.0,1991,7,10
1294,0.0,1991,7,11
1295,0.0,1991,7,12
1296,0.0,1991,7,13
1297,0.0,1991,7,14
1298,0.0,1991,7,15
1299,0.0,1991,7,16
1300,0.0,1991,7,17
1301,0.0,1991,7,18
1302,0.0,1991,7,19
1303,0.0,1991,7,20
1304,0.0,1991,7,21
1305,0.0,1991,7,22
1306,0.0,1991,7,23
1307,0.0,1991,7,24
1308,0.0,1991,7,25
1309,0.0,1991,7,26
1310,0.0,1991,7,27
1311,1.0,1991,7,28
1312,1.0,1991,7,29
1313,1.0,1991,7,30
1314,1.0,1991,7,31
1315,1.0,1991,8,1
1316,1.0,1991,8,2
1317,1.0,1991,8,3
1318,1.0,1991,8,4
1319,0.0,1991,8,5
1320,0.0,1991,8,6
1321,0.0,1991,8,7
1322,0.0,1991,8,8
1323,0.0,1991,8,9
1324,0.0,1991,8,10
1325,0.0,1991,8,11
1326,0.0,1991,8,12
1327,0.0,1991,8,13
1328,0.0,1991,8,14
1329,0.0,1991,8,15
1330,0.0,1991,8,16
1331,0.0,1991,8,17
1332,0.0,1991,8,18
1333,0.0,1991,8,19
1334,0.0,1991,8,20
1335,0.0,1991,8,21
1336,1.0,1991,8,22
1337,1.0,1991,8,23
1338,1.0,1991,8,24
1339,1.0,1991,8,25
1340,1.0,1991,8,26
1341,1.0,1991,8,27
1342,1.0,1991,8,28
1343,1.0,1991,8,29
1344,1.0,1991,8,30
1345,1.0,1991,8,31
1346,1.0,1991,9,1
1347,1.0,1991,9,2
1348,1.0,1991,9,3
1349,1.0,1991,9,4
1350,0.0,1991,9,5
1351,0.0,1991,9,6
1352,0.0,1992,5,26
1353,0.0,1992,5,27
1354,1.0,1992,5,28
1355,1.0,1992,5,29
1356,1.0,1992,5,30
1357,1.0,1992,5,31
1358,1.0,1992,6,1
1359,1.0,1992,6,2
1360,1.0,1992,6,3
1361,1.0,1992,6,4
1362,1.0,1992,6,5
1363,1.0,1992,6,6
1364,1.0,1992,6,7
1365,1.0,1992,6,8
1366,1.0,1992,6,9
1367,1.0,1992,6,10
1368,1.0,1992,6,11
1369,1.0,1992,6,12
1370,1.0,1992,6,13
1371,1.0,1992,6,14
1372,0.0,1992,6,15
1373,0.0,1992,6,16
1374,0.0,1992,6,17
1375,0.0,1992,6,18
1376,0.0,1992,6,19
1377,0.0,1992,6,20
1378,0.0,1992,6,21
1379,0.0,1992,6,22
1380,0.0,1992,6,23
1381,0.0,1992,6,24
1382,0.0,1992,6,25
1383,0.0,1992,6,26
1384,0.0,1992,6,27
1385,0.0,1992,6,28
1386,0.0,1992,6,29
1387,0.0,1992,6,30
1388,0.0,1992,7,1
1389,0.0,1992,7,2
1390,0.0,1992,7,3
1391,0.0,1992,7,4
1392,0.0,1992,7,5
1393,0.0,1992,7,6
1394,0.0,1992,7,7
1395,0.0,1992,7,8
1396,0.0,1992,7,9
1397,0.0,1992,7,10
1398,0.0,1992,7,11
1399,0.0,1992,7,12
1400,0.0,1992,7,13
1401,0.0,1992,7,14
1402,0.0,1992,7,15
1403,0.0,1992,7,16
1404,0.0,1992,7,17
1405,0.0,1992,7,18
1406,0.0,1992,7,19
1407,0.0,1992,7,20
1408,0.0,1992,7,21
1409,0.0,1992,7,22
1410,0.0,1992,7,23
1411,0.0,1992,7,24
1412,0.0,1992,7,25
1413,0.0,1992,7,26
1414,0.0,1992,7,27
1415,0.0,1992,7,28
1416,0.0,1992,7,29
1417,0.0,1992,7,30
1418,0.0,1992,7,31
1419,0.0,1992,8,1
1420,0.0,1992,8,2
1421,0.0,1992,8,3
1422,0.0,1992,8,4
1423,1.0,1992,8,5
1424,1.0,1992,8,6
1425,1.0,1992,8,7
1426,1.0,1992,8,8
1427,1.0,1992,8,9
1428,1.0,1992,8,10
1429,1.0,1992,8,11
1430,0.0,1992,8,12
1431,0.0,1992,8,13
1432,0.0,1992,8,14
1433,0.0,1992,8,15
1434,0.0,1992,8,16
1435,0.0,1992,8,17
1436,0.0,1992,8,18
1437,0.0,1992,8,19
1438,0.0,1992,8,20
1439,0.0,1992,8,21
1440,0.0,1992,8,22
1441,0.0,1992,8,23
1442,0.0,1992,8,24
1443,0.0,1992,8,25
1444,0.0,1992,8,26
1445,0.0,1992,8,27
1446,0.0,1992,8,28
1447,0.0,1992,8,29
1448,0.0,1992,8,30
1449,0.0,1992,8,31
1450,0.0,1992,9,1
1451,0.0,1992,9,2
1452,0.0,1992,9,3
1453,0.0,1992,9,4
1454,0.0,1992,9,5
1455,0.0,1992,9,6
1456,0.0,1993,5,26
1457,0.0,1993,5,27
1458,0.0,1993,5,28
1459,0.0,1993,5,29
1460,0.0,1993,5,30
1461,0.0,1993,5,31
1462,0.0,1993,6,1
1463,0.0,1993,6,2
1464,0.0,1993,6,3
1465,0.0,1993,6,4
1466,0.0,1993,6,5
1467,0.0,1993,6,6
1468,0.0,1993,6,7
1469,0.0,1993,6,8
1470,0.0,1993,6,9
1471,0.0,1993,6,10
1472,0.0,1993,6,11
1473,0.0,1993,6,12
1474,0.0,1993,6,13
1475,0.0,1993,6,14
1476,0.0,1993,6,15
1477,0.0,1993,6,16
1478,0.0,1993,6,17
1479,0.0,1993,6,18
1480,0.0,1993,6,19
1481,0.0,1993,6,20
1482,0.0,1993,6,21
1483,0.0,1993,6,22
1484,0.0,1993,6,23
1485,0.0,1993,6,24
1486,0.0,1993,6,25
1487,0.0,1993,6,26
1488,0.0,1993,6,27
1489,0.0,1993,6,28
1490,0.0,1993,6,29
1491,0.0,1993,6,30
1492,0.0,1993,7,1
1493,0.0,1993,7,2
1494,0.0,1993,7,3
1495,0.0,1993,7,4
1496,0.0,1993,7,5
1497,0.0,1993,7,6
1498,0.0,1993,7,7
1499,0.0,1993,7,8
1500,0.0,1993,7,9
1501,0.0,1993,7,10
1502,0.0,1993,7,11
1503,0.0,1993,7,12
1504,0.0,1993,7,13
1505,0.0,1993,7,14
1506,0.0,1993,7,15
1507,0.0,1993,7,16
1508,0.0,1993,7,17
1509,0.0,1993,7,18
1510,0.0,1993,7,19
1511,0.0,1993,7,20
1512,0.0,1993,7,21
1513,0.0,1993,7,22
1514,0.0,1993,7,23
1515,0.0,1993,7,24
1516,0.0,1993,7,25
1517,0.0,1993,7,26
1518,0.0,1993,7,27
1519,0.0,1993,7,28
1520,0.0,1993,7,29
1521,0.0,1993,7,30
1522,0.0,1993,7,31
1523,0.0,1993,8,1
1524,0.0,1993,8,2
1525,0.0,1993,8,3
1526,0.0,1993,8,4
1527,0.0,1993,8,5
1528,0.0,1993,8,6
1529,0.0,1993,8,7
1530,0.0,1993,8,8
1531,0.0,1993,8,9
1532,0.0,1993,8,10
1533,0.0,1993,8,11
1534,0.0,1993,8,12
1535,0.0,1993,8,13
1536,0.0,1993,8,14
1537,0.0,1993,8,15
1538,0.0,1993,8,16
1539,0.0,1993,8,17
1540,0.0,1993,8,18
1541,0.0,1993,8,19
1542,0.0,1993,8,20
1543,0.0,1993,8,21
1544,0.0,1993,8,22
1545,0.0,1993,8,23
1546,0.0,1993,8,24
1547,0.0,1993,8,25
1548,0.0,1993,8,26
1549,0.0,1993,8,27
1550,0.0,1993,8,28
1551,0.0,1993,8,29
1552,0.0,1993,8,30
1553,0.0,1993,8,31
1554,0.0,1993,9,1
1555,0.0,1993,9,2
1556,0.0,1993,9,3
1557,0.0,1993,9,4
1558,0.0,1993,9,5
1559,0.0,1993,9,6
1560,0.0,1994,5,26
1561,0.0,1994,5,27
1562,0.0,1994,5,28
1563,0.0,1994,5,29
1564,0.0,1994,5,30
1565,0.0,1994,5,31
1566,0.0,1994,6,1
1567,0.0,1994,6,2
1568,0.0,1994,6,3
1569,0.0,1994,6,4
1570,0.0,1994,6,5
1571,0.0,1994,6,6
1572,0.0,1994,6,7
1573,0.0,1994,6,8
1574,0.0,1994,6,9
1575,0.0,1994,6,10
1576,0.0,1994,6,11
1577,0.0,1994,6,12
1578,0.0,1994,6,13
1579,0.0,1994,6,14
1580,0.0,1994,6,15
1581,0.0,1994,6,16
1582,0.0,1994,6,17
1583,0.0,1994,6,18
1584,0.0,1994,6,19
1585,0.0,1994,6,20
1586,0.0,1994,6,21
1587,0.0,1994,6,22
1588,0.0,1994,6,23
1589,0.0,1994,6,24
1590,0.0,1994,6,25
1591,0.0,1994,6,26
1592,0.0,1994,6,27
1593,1.0,1994,6,28
1594,1.0,1994,6,29
1595,1.0,1994,6,30
1596,1.0,1994,7,1
1597,1.0,1994,7,2
1598,1.0,1994,7,3
1599,1.0,1994,7,4
1600,1.0,1994,7,5
1601,1.0,1994,7,6
1602,1.0,1994,7,7
1603,0.0,1994,7,8
1604,0.0,1994,7,9
1605,1.0,1994,7,10
1606,1.0,1994,7,11
1607,1.0,1994,7,12
1608,1.0,1994,7,13
1609,1.0,1994,7,14
1610,1.0,1994,7,15
1611,1.0,1994,7,16
1612,0.0,1994,7,17
1613,0.0,1994,7,18
1614,0.0,1994,7,19
1615,0.0,1994,7,20
1616,0.0,1994,7,21
1617,0.0,1994,7,22
1618,0.0,1994,7,23
1619,0.0,1994,7,24
1620,0.0,1994,7,25
1621,1.0,1994,7,26
1622,1.0,1994,7,27
1623,1.0,1994,7,28
1624,1.0,1994,7,29
1625,1.0,1994,7,30
1626,1.0,1994,7,31
1627,1.0,1994,8,1
1628,1.0,1994,8,2
1629,1.0,1994,8,3
1630,1.0,1994,8,4
1631,1.0,1994,8,5
1632,0.0,1994,8,6
1633,0.0,1994,8,7
1634,0.0,1994,8,8
1635,0.0,1994,8,9
1636,0.0,1994,8,10
1637,0.0,1994,8,11
1638,0.0,1994,8,12
1639,0.0,1994,8,13
1640,0.0,1994,8,14
1641,0.0,1994,8,15
1642,0.0,1994,8,16
1643,0.0,1994,8,17
1644,0.0,1994,8,18
1645,0.0,1994,8,19
1646,0.0,1994,8,20
1647,0.0,1994,8,21
1648,0.0,1994,8,22
1649,0.0,1994,8,23
1650,0.0,1994,8,24
1651,0.0,1994,8,25
1652,0.0,1994,8,26
1653,0.0,1994,8,27
1654,0.0,1994,8,28
1655,0.0,1994,8,29
1656,0.0,1994,8,30
1657,0.0,1994,8,31
1658,0.0,1994,9,1
1659,0.0,1994,9,2
1660,0.0,1994,9,3
1661,0.0,1994,9,4
1662,0.0,1994,9,5
1663,0.0,1994,9,6
1664,0.0,1995,5,26
1665,0.0,1995,5,27
1666,1.0,1995,5,28
1667,1.0,1995,5,29
1668,1.0,1995,5,30
1669,1.0,1995,5,31
1670,1.0,1995,6,1
1671,1.0,1995,6,2
1672,1.0,1995,6,3
1673,1.0,1995,6,4
1674,1.0,1995,6,5
1675,1.0,1995,6,6
1676,1.0,1995,6,7
1677,0.0,1995,6,8
1678,0.0,1995,6,9
1679,0.0,1995,6,10
1680,0.0,1995,6,11
1681,1.0,1995,6,12
1682,1.0,1995,6,13
1683,1.0,1995,6,14
1684,1.0,1995,6,15
1685,1.0,1995,6,16
1686,0.0,1995,6,17
1687,0.0,1995,6,18
1688,0.0,1995,6,19
1689,0.0,1995,6,20
1690,0.0,1995,6,21
1691,1.0,1995,6,22
1692,1.0,1995,6,23
1693,1.0,1995,6,24
1694,1.0,1995,6,25
1695,1.0,1995,6,26
1696,1.0,1995,6,27
1697,1.0,1995,6,28
1698,0.0,1995,6,29
1699,0.0,1995,6,30
1700,0.0,1995,7,1
1701,0.0,1995,7,2
1702,0.0,1995,7,3
1703,0.0,1995,7,4
1704,0.0,1995,7,5
1705,0.0,1995,7,6
1706,1.0,1995,7,7
1707,1.0,1995,7,8
1708,1.0,1995,7,9
1709,1.0,1995,7,10
1710,1.0,1995,7,11
1711,0.0,1995,7,12
1712,0.0,1995,7,13
1713,0.0,1995,7,14
1714,0.0,1995,7,15
1715,0.0,1995,7,16
1716,0.0,1995,7,17
1717,0.0,1995,7,18
1718,1.0,1995,7,19
1719,1.0,1995,7,20
1720,1.0,1995,7,21
1721,1.0,1995,7,22
1722,1.0,1995,7,23
1723,0.0,1995,7,24
1724,1.0,1995,7,25
1725,1.0,1995,7,26
1726,1.0,1995,7,27
1727,1.0,1995,7,28
1728,1.0,1995,7,29
1729,1.0,1995,7,30
1730,1.0,1995,7,31
1731,1.0,1995,8,1
1732,1.0,1995,8,2
1733,0.0,1995,8,3
1734,0.0,1995,8,4
1735,0.0,1995,8,5
1736,0.0,1995,8,6
1737,0.0,1995,8,7
1738,1.0,1995,8,8
1739,1.0,1995,8,9
1740,1.0,1995,8,10
1741,1.0,1995,8,11
1742,1.0,1995,8,12
1743,1.0,1995,8,13
1744,0.0,1995,8,14
1745,0.0,1995,8,15
1746,1.0,1995,8,16
1747,1.0,1995,8,17
1748,1.0,1995,8,18
1749,1.0,1995,8,19
1750,1.0,1995,8,20
1751,1.0,1995,8,21
1752,1.0,1995,8,22
1753,0.0,1995,8,23
1754,0.0,1995,8,24
1755,0.0,1995,8,25
1756,0.0,1995,8,26
1757,0.0,1995,8,27
1758,0.0,1995,8,28
1759,0.0,1995,8,29
1760,0.0,1995,8,30
1761,1.0,1995,8,31
1762,1.0,1995,9,1
1763,1.0,1995,9,2
1764,1.0,1995,9,3
1765,1.0,1995,9,4
1766,0.0,1995,9,5
1767,0.0,1995,9,6
1768,0.0,1996,5,26
1769,0.0,1996,5,27
1770,0.0,1996,5,28
1771,0.0,1996,5,29
1772,0.0,1996,5,30
1773,0.0,1996,5,31
1774,0.0,1996,6,1
1775,0.0,1996,6,2
1776,0.0,1996,6,3
1777,0.0,1996,6,4
1778,1.0,1996,6,5
1779,1.0,1996,6,6
1780,1.0,1996,6,7
1781,1.0,1996,6,8
1782,1.0,1996,6,9
1783,1.0,1996,6,10
1784,1.0,1996,6,11
1785,1.0,1996,6,12
1786,1.0,1996,6,13
1787,1.0,1996,6,14
1788,1.0,1996,6,15
1789,1.0,1996,6,16
1790,0.0,1996,6,17
1791,0.0,1996,6,18
1792,0.0,1996,6,19
1793,0.0,1996,6,20
1794,0.0,1996,6,21
1795,0.0,1996,6,22
1796,0.0,1996,6,23
1797,0.0,1996,6,24
1798,0.0,1996,6,25
1799,0.0,1996,6,26
1800,0.0,1996,6,27
1801,0.0,1996,6,28
1802,0.0,1996,6,29
1803,0.0,1996,6,30
1804,0.0,1996,7,1
1805,0.0,1996,7,2
1806,0.0,1996,7,3
1807,0.0,1996,7,4
1808,0.0,1996,7,5
1809,0.0,1996,7,6
1810,0.0,1996,7,7
1811,0.0,1996,7,8
1812,0.0,1996,7,9
1813,0.0,1996,7,10
1814,0.0,1996,7,11
1815,0.0,1996,7,12
1816,0.0,1996,7,13
1817,1.0,1996,7,14
1818,1.0,1996,7,15
1819,1.0,1996,7,16
1820,1.0,1996,7,17
1821,1.0,1996,7,18
1822,1.0,1996,7,19
1823,0.0,1996,7,20
1824,0.0,1996,7,21
1825,0.0,1996,7,22
1826,0.0,1996,7,23
1827,0.0,1996,7,24
1828,0.0,1996,7,25
1829,0.0,1996,7,26
1830,0.0,1996,7,27
1831,0.0,1996,7,28
1832,0.0,1996,7,29
1833,0.0,1996,7,30
1834,0.0,1996,7,31
1835,0.0,1996,8,1
1836,0.0,1996,8,2
1837,0.0,1996,8,3
1838,0.0,1996,8,4
1839,0.0,1996,8,5
1840,1.0,1996,8,6
1841,1.0,1996,8,7
1842,1.0,1996,8,8
1843,1.0,1996,8,9
1844,1.0,1996,8,10
1845,1.0,1996,8,11
1846,1.0,1996,8,12
1847,1.0,1996,8,13
1848,1.0,1996,8,14
1849,0.0,1996,8,15
1850,0.0,1996,8,16
1851,1.0,1996,8,17
1852,1.0,1996,8,18
1853,1.0,1996,8,19
1854,1.0,1996,8,20
1855,1.0,1996,8,21
1856,1.0,1996,8,22
1857,1.0,1996,8,23
1858,1.0,1996,8,24
1859,1.0,1996,8,25
1860,1.0,1996,8,26
1861,1.0,1996,8,27
1862,1.0,1996,8,28
1863,1.0,1996,8,29
1864,1.0,1996,8,30
1865,1.0,1996,8,31
1866,0.0,1996,9,1
1867,0.0,1996,9,2
1868,0.0,1996,9,3
1869,0.0,1996,9,4
1870,0.0,1996,9,5
1871,0.0,1996,9,6
1872,0.0,1997,5,26
1873,0.0,1997,5,27
1874,1.0,1997,5,28
1875,1.0,1997,5,29
1876,1.0,1997,5,30
1877,1.0,1997,5,31
1878,1.0,1997,6,1
1879,1.0,1997,6,2
1880,0.0,1997,6,3
1881,0.0,1997,6,4
1882,0.0,1997,6,5
1883,0.0,1997,6,6
1884,1.0,1997,6,7
1885,1.0,1997,6,8
1886,1.0,1997,6,9
1887,1.0,1997,6,10
1888,1.0,1997,6,11
1889,0.0,1997,6,12
1890,0.0,1997,6,13
1891,0.0,1997,6,14
1892,0.0,1997,6,15
1893,0.0,1997,6,16
1894,0.0,1997,6,17
1895,0.0,1997,6,18
1896,0.0,1997,6,19
1897,0.0,1997,6,20
1898,0.0,1997,6,21
1899,0.0,1997,6,22
1900,0.0,1997,6,23
1901,0.0,1997,6,24
1902,0.0,1997,6,25
1903,0.0,1997,6,26
1904,0.0,1997,6,27
1905,1.0,1997,6,28
1906,1.0,1997,6,29
1907,1.0,1997,6,30
1908,1.0,1997,7,1
1909,1.0,1997,7,2
1910,1.0,1997,7,3
1911,1.0,1997,7,4
1912,1.0,1997,7,5
1913,1.0,1997,7,6
1914,1.0,1997,7,7
1915,0.0,1997,7,8
1916,1.0,1997,7,9
1917,1.0,1997,7,10
1918,1.0,1997,7,11
1919,1.0,1997,7,12
1920,1.0,1997,7,13
1921,1.0,1997,7,14
1922,1.0,1997,7,15
1923,1.0,1997,7,16
1924,1.0,1997,7,17
1925,1.0,1997,7,18
1926,1.0,1997,7,19
1927,1.0,1997,7,20
1928,1.0,1997,7,21
1929,1.0,1997,7,22
1930,1.0,1997,7,23
1931,0.0,1997,7,24
1932,0.0,1997,7,25
1933,0.0,1997,7,26
1934,0.0,1997,7,27
1935,0.0,1997,7,28
1936,0.0,1997,7,29
1937,0.0,1997,7,30
1938,0.0,1997,7,31
1939,0.0,1997,8,1
1940,0.0,1997,8,2
1941,0.0,1997,8,3
1942,1.0,1997,8,4
1943,1.0,1997,8,5
1944,1.0,1997,8,6
1945,1.0,1997,8,7
1946,1.0,1997,8,8
1947,1.0,1997,8,9
1948,1.0,1997,8,10
1949,1.0,1997,8,11
1950,1.0,1997,8,12
1951,1.0,1997,8,13
1952,1.0,1997,8,14
1953,1.0,1997,8,15
1954,1.0,1997,8,16
1955,1.0,1997,8,17
1956,1.0,1997,8,18
1957,1.0,1997,8,19
1958,1.0,1997,8,20
1959,1.0,1997,8,21
1960,1.0,1997,8,22
1961,1.0,1997,8,23
1962,1.0,1997,8,24
1963,1.0,1997,8,25
1964,1.0,1997,8,26
1965,1.0,1997,8,27
1966,1.0,1997,8,28
1967,1.0,1997,8,29
1968,1.0,1997,8,30
1969,1.0,1997,8,31
1970,1.0,1997,9,1
1971,1.0,1997,9,2
1972,1.0,1997,9,3
1973,0.0,1997,9,4
1974,0.0,1997,9,5
1975,0.0,1997,9,6
1976,0.0,1998,5,26
1977,0.0,1998,5,27
1978,0.0,1998,5,28
1979,0.0,1998,5,29
1980,0.0,1998,5,30
1981,0.0,1998,5,31
1982,0.0,1998,6,1
1983,0.0,1998,6,2
1984,0.0,1998,6,3
1985,0.0,1998,6,4
1986,0.0,1998,6,5
1987,0.0,1998,6,6
1988,0.0,1998,6,7
1989,0.0,1998,6,8
1990,0.0,1998,6,9
1991,0.0,1998,6,10
1992,0.0,1998,6,11
1993,0.0,1998,6,12
1994,0.0,1998,6,13
1995,0.0,1998,6,14
1996,0.0,1998,6,15
1997,0.0,1998,6,16
1998,1.0,1998,6,17
1999,1.0,1998,6,18
2000,1.0,1998,6,19
2001,1.0,1998,6,20
2002,1.0,1998,6,21
2003,0.0,1998,6,22
2004,0.0,1998,6,23
2005,0.0,1998,6,24
2006,0.0,1998,6,25
2007,0.0,1998,6,26
2008,0.0,1998,6,27
2009,0.0,1998,6,28
2010,0.0,1998,6,29
2011,0.0,1998,6,30
2012,0.0,1998,7,1
2013,0.0,1998,7,2
2014,0.0,1998,7,3
2015,0.0,1998,7,4
2016,0.0,1998,7,5
2017,0.0,1998,7,6
2018,0.0,1998,7,7
2019,0.0,1998,7,8
2020,0.0,1998,7,9
2021,0.0,1998,7,10
2022,0.0,1998,7,11
2023,0.0,1998,7,12
2024,0.0,1998,7,13
2025,0.0,1998,7,14
2026,0.0,1998,7,15
2027,0.0,1998,7,16
2028,0.0,1998,7,17
2029,0.0,1998,7,18
2030,0.0,1998,7,19
2031,1.0,1998,7,20
2032,1.0,1998,7,21
2033,1.0,1998,7,22
2034,1.0,1998,7,23
2035,1.0,1998,7,24
2036,0.0,1998,7,25
2037,0.0,1998,7,26
2038,0.0,1998,7,27
2039,0.0,1998,7,28
2040,0.0,1998,7,29
2041,0.0,1998,7,30
2042,0.0,1998,7,31
2043,1.0,1998,8,1
2044,1.0,1998,8,2
2045,1.0,1998,8,3
2046,1.0,1998,8,4
2047,1.0,1998,8,5
2048,1.0,1998,8,6
2049,1.0,1998,8,7
2050,1.0,1998,8,8
2051,1.0,1998,8,9
2052,1.0,1998,8,10
2053,1.0,1998,8,11
2054,0.0,1998,8,12
2055,0.0,1998,8,13
2056,0.0,1998,8,14
2057,0.0,1998,8,15
2058,0.0,1998,8,16
2059,0.0,1998,8,17
2060,0.0,1998,8,18
2061,0.0,1998,8,19
2062,0.0,1998,8,20
2063,0.0,1998,8,21
2064,0.0,1998,8,22
2065,0.0,1998,8,23
2066,0.0,1998,8,24
2067,0.0,1998,8,25
2068,0.0,1998,8,26
2069,1.0,1998,8,27
2070,1.0,1998,8,28
2071,1.0,1998,8,29
2072,1.0,1998,8,30
2073,1.0,1998,8,31
2074,1.0,1998,9,1
2075,1.0,1998,9,2
2076,1.0,1998,9,3
2077,0.0,1998,9,4
2078,0.0,1998,9,5
2079,0.0,1998,9,6
2080,0.0,1999,5,26
2081,0.0,1999,5,27
2082,0.0,1999,5,28
2083,0.0,1999,5,29
2084,0.0,1999,5,30
2085,0.0,1999,5,31
2086,0.0,1999,6,1
2087,0.0,1999,6,2
2088,0.0,1999,6,3
2089,0.0,1999,6,4
2090,0.0,1999,6,5
2091,0.0,1999,6,6
2092,1.0,1999,6,7
2093,1.0,1999,6,8
2094,1.0,1999,6,9
2095,1.0,1999,6,10
2096,1.0,1999,6,11
2097,1.0,1999,6,12
2098,1.0,1999,6,13
2099,1.0,1999,6,14
2100,1.0,1999,6,15
2101,1.0,1999,6,16
2102,0.0,1999,6,17
2103,0.0,1999,6,18
2104,0.0,1999,6,19
2105,0.0,1999,6,20
2106,0.0,1999,6,21
2107,0.0,1999,6,22
2108,0.0,1999,6,23
2109,1.0,1999,6,24
2110,1.0,1999,6,25
2111,1.0,1999,6,26
2112,1.0,1999,6,27
2113,1.0,1999,6,28
2114,1.0,1999,6,29
2115,1.0,1999,6,30
2116,0.0,1999,7,1
2117,0.0,1999,7,2
2118,0.0,1999,7,3
2119,0.0,1999,7,4
2120,1.0,1999,7,5
2121,1.0,1999,7,6
2122,1.0,1999,7,7
2123,1.0,1999,7,8
2124,1.0,1999,7,9
2125,1.0,1999,7,10
2126,1.0,1999,7,11
2127,1.0,1999,7,12
2128,0.0,1999,7,13
2129,0.0,1999,7,14
2130,0.0,1999,7,15
2131,0.0,1999,7,16
2132,0.0,1999,7,17
2133,0.0,1999,7,18
2134,0.0,1999,7,19
2135,0.0,1999,7,20
2136,0.0,1999,7,21
2137,0.0,1999,7,22
2138,0.0,1999,7,23
2139,0.0,1999,7,24
2140,0.0,1999,7,25
2141,0.0,1999,7,26
2142,0.0,1999,7,27
2143,0.0,1999,7,28
2144,0.0,1999,7,29
2145,0.0,1999,7,30
2146,0.0,1999,7,31
2147,0.0,1999,8,1
2148,0.0,1999,8,2
2149,0.0,1999,8,3
2150,0.0,1999,8,4
2151,0.0,1999,8,5
2152,0.0,1999,8,6
2153,0.0,1999,8,7
2154,0.0,1999,8,8
2155,0.0,1999,8,9
2156,0.0,1999,8,10
2157,0.0,1999,8,11
2158,0.0,1999,8,12
2159,0.0,1999,8,13
2160,0.0,1999,8,14
2161,0.0,1999,8,15
2162,0.0,1999,8,16
2163,0.0,1999,8,17
2164,0.0,1999,8,18
2165,0.0,1999,8,19
2166,0.0,1999,8,20
2167,0.0,1999,8,21
2168,0.0,1999,8,22
2169,0.0,1999,8,23
2170,0.0,1999,8,24
2171,0.0,1999,8,25
2172,0.0,1999,8,26
2173,0.0,1999,8,27
2174,0.0,1999,8,28
2175,0.0,1999,8,29
2176,0.0,1999,8,30
2177,0.0,1999,8,31
2178,0.0,1999,9,1
2179,0.0,1999,9,2
2180,0.0,1999,9,3
2181,0.0,1999,9,4
2182,0.0,1999,9,5
2183,0.0,1999,9,6
2184,0.0,2000,5,26
2185,0.0,2000,5,27
2186,0.0,2000,5,28
2187,0.0,2000,5,29
2188,0.0,2000,5,30
2189,0.0,2000,5,31
2190,0.0,2000,6,1
2191,0.0,2000,6,2
2192,0.0,2000,6,3
2193,0.0,2000,6,4
2194,0.0,2000,6,5
2195,0.0,2000,6,6
2196,0.0,2000,6,7
2197,0.0,2000,6,8
2198,0.0,2000,6,9
2199,1.0,2000,6,10
2200,1.0,2000,6,11
2201,1.0,2000,6,12
2202,1.0,2000,6,13
2203,1.0,2000,6,14
2204,0.0,2000,6,15
2205,0.0,2000,6,16
2206,0.0,2000,6,17
2207,0.0,2000,6,18
2208,0.0,2000,6,19
2209,0.0,2000,6,20
2210,0.0,2000,6,21
2211,0.0,2000,6,22
2212,0.0,2000,6,23
2213,0.0,2000,6,24
2214,0.0,2000,6,25
2215,0.0,2000,6,26
2216,0.0,2000,6,27
2217,1.0,2000,6,28
2218,1.0,2000,6,29
2219,1.0,2000,6,30
2220,1.0,2000,7,1
2221,1.0,2000,7,2
2222,0.0,2000,7,3
2223,0.0,2000,7,4
2224,0.0,2000,7,5
2225,0.0,2000,7,6
2226,0.0,2000,7,7
2227,0.0,2000,7,8
2228,0.0,2000,7,9
2229,0.0,2000,7,10
2230,0.0,2000,7,11
2231,0.0,2000,7,12
2232,0.0,2000,7,13
2233,0.0,2000,7,14
2234,0.0,2000,7,15
2235,1.0,2000,7,16
2236,1.0,2000,7,17
2237,1.0,2000,7,18
2238,1.0,2000,7,19
2239,1.0,2000,7,20
2240,1.0,2000,7,21
2241,1.0,2000,7,22
2242,1.0,2000,7,23
2243,1.0,2000,7,24
2244,1.0,2000,7,25
2245,1.0,2000,7,26
2246,0.0,2000,7,27
2247,0.0,2000,7,28
2248,0.0,2000,7,29
2249,0.0,2000,7,30
2250,0.0,2000,7,31
2251,0.0,2000,8,1
2252,0.0,2000,8,2
2253,0.0,2000,8,3
2254,0.0,2000,8,4
2255,0.0,2000,8,5
2256,0.0,2000,8,6
2257,0.0,2000,8,7
2258,0.0,2000,8,8
2259,0.0,2000,8,9
2260,0.0,2000,8,10
2261,0.0,2000,8,11
2262,0.0,2000,8,12
2263,0.0,2000,8,13
2264,0.0,2000,8,14
2265,0.0,2000,8,15
2266,0.0,2000,8,16
2267,0.0,2000,8,17
2268,0.0,2000,8,18
2269,0.0,2000,8,19
2270,0.0,2000,8,20
2271,0.0,2000,8,21
2272,0.0,2000,8,22
2273,0.0,2000,8,23
2274,0.0,2000,8,24
2275,1.0,2000,8,25
2276,1.0,2000,8,26
2277,1.0,2000,8,27
2278,1.0,2000,8,28
2279,1.0,2000,8,29
2280,0.0,2000,8,30
2281,0.0,2000,8,31
2282,0.0,2000,9,1
2283,0.0,2000,9,2
2284,0.0,2000,9,3
2285,0.0,2000,9,4
2286,0.0,2000,9,5
2287,0.0,2000,9,6
2288,0.0,2001,5,26
2289,0.0,2001,5,27
2290,0.0,2001,5,28
2291,0.0,2001,5,29
2292,0.0,2001,5,30
2293,0.0,2001,5,31
2294,0.0,2001,6,1
2295,0.0,2001,6,2
2296,0.0,2001,6,3
2297,0.0,2001,6,4
2298,0.0,2001,6,5
2299,0.0,2001,6,6
2300,0.0,2001,6,7
2301,0.0,2001,6,8
2302,0.0,2001,6,9
2303,0.0,2001,6,10
2304,0.0,2001,6,11
2305,0.0,2001,6,12
2306,0.0,2001,6,13
2307,0.0,2001,6,14
2308,0.0,2001,6,15
2309,0.0,2001,6,16
2310,0.0,2001,6,17
2311,0.0,2001,6,18
2312,1.0,2001,6,19
2313,1.0,2001,6,20
2314,1.0,2001,6,21
2315,1.0,2001,6,22
2316,1.0,2001,6,23
2317,1.0,2001,6,24
2318,1.0,2001,6,25
2319,0.0,2001,6,26
2320,0.0,2001,6,27
2321,0.0,2001,6,28
2322,0.0,2001,6,29
2323,0.0,2001,6,30
2324,1.0,2001,7,1
2325,1.0,2001,7,2
2326,1.0,2001,7,3
2327,1.0,2001,7,4
2328,1.0,2001,7,5
2329,1.0,2001,7,6
2330,0.0,2001,7,7
2331,0.0,2001,7,8
2332,0.0,2001,7,9
2333,0.0,2001,7,10
2334,0.0,2001,7,11
2335,0.0,2001,7,12
2336,0.0,2001,7,13
2337,0.0,2001,7,14
2338,0.0,2001,7,15
2339,0.0,2001,7,16
2340,0.0,2001,7,17
2341,0.0,2001,7,18
2342,0.0,2001,7,19
2343,0.0,2001,7,20
2344,0.0,2001,7,21
2345,1.0,2001,7,22
2346,1.0,2001,7,23
2347,1.0,2001,7,24
2348,1.0,2001,7,25
2349,1.0,2001,7,26
2350,0.0,2001,7,27
2351,1.0,2001,7,28
2352,1.0,2001,7,29
2353,1.0,2001,7,30
2354,1.0,2001,7,31
2355,1.0,2001,8,1
2356,0.0,2001,8,2
2357,0.0,2001,8,3
2358,0.0,2001,8,4
2359,0.0,2001,8,5
2360,0.0,2001,8,6
2361,0.0,2001,8,7
2362,0.0,2001,8,8
2363,0.0,2001,8,9
2364,0.0,2001,8,10
2365,0.0,2001,8,11
2366,0.0,2001,8,12
2367,0.0,2001,8,13
2368,0.0,2001,8,14
2369,1.0,2001,8,15
2370,1.0,2001,8,16
2371,1.0,2001,8,17
2372,1.0,2001,8,18
2373,1.0,2001,8,19
2374,1.0,2001,8,20
2375,1.0,2001,8,21
2376,1.0,2001,8,22
2377,1.0,2001,8,23
2378,1.0,2001,8,24
2379,1.0,2001,8,25
2380,1.0,2001,8,26
2381,0.0,2001,8,27
2382,0.0,2001,8,28
2383,0.0,2001,8,29
2384,0.0,2001,8,30
2385,0.0,2001,8,31
2386,0.0,2001,9,1
2387,0.0,2001,9,2
2388,0.0,2001,9,3
2389,0.0,2001,9,4
2390,0.0,2001,9,5
2391,0.0,2001,9,6
2392,0.0,2002,5,26
2393,0.0,2002,5,27
2394,0.0,2002,5,28
2395,0.0,2002,5,29
2396,0.0,2002,5,30
2397,0.0,2002,5,31
2398,0.0,2002,6,1
2399,0.0,2002,6,2
2400,0.0,2002,6,3
2401,0.0,2002,6,4
2402,1.0,2002,6,5
2403,1.0,2002,6,6
2404,1.0,2002,6,7
2405,1.0,2002,6,8
2406,1.0,2002,6,9
2407,1.0,2002,6,10
2408,1.0,2002,6,11
2409,0.0,2002,6,12
2410,0.0,2002,6,13
2411,0.0,2002,6,14
2412,0.0,2002,6,15
2413,0.0,2002,6,16
2414,1.0,2002,6,17
2415,1.0,2002,6,18
2416,1.0,2002,6,19
2417,1.0,2002,6,20
2418,1.0,2002,6,21
2419,1.0,2002,6,22
2420,1.0,2002,6,23
2421,0.0,2002,6,24
2422,0.0,2002,6,25
2423,0.0,2002,6,26
2424,0.0,2002,6,27
2425,0.0,2002,6,28
2426,0.0,2002,6,29
2427,0.0,2002,6,30
2428,0.0,2002,7,1
2429,0.0,2002,7,2
2430,0.0,2002,7,3
2431,0.0,2002,7,4
2432,0.0,2002,7,5
2433,0.0,2002,7,6
2434,0.0,2002,7,7
2435,0.0,2002,7,8
2436,1.0,2002,7,9
2437,1.0,2002,7,10
2438,1.0,2002,7,11
2439,1.0,2002,7,12
2440,1.0,2002,7,13
2441,1.0,2002,7,14
2442,1.0,2002,7,15
2443,0.0,2002,7,16
2444,0.0,2002,7,17
2445,0.0,2002,7,18
2446,0.0,2002,7,19
2447,0.0,2002,7,20
2448,0.0,2002,7,21
2449,0.0,2002,7,22
2450,0.0,2002,7,23
2451,0.0,2002,7,24
2452,0.0,2002,7,25
2453,0.0,2002,7,26
2454,1.0,2002,7,27
2455,1.0,2002,7,28
2456,1.0,2002,7,29
2457,1.0,2002,7,30
2458,1.0,2002,7,31
2459,1.0,2002,8,1
2460,1.0,2002,8,2
2461,1.0,2002,8,3
2462,1.0,2002,8,4
2463,1.0,2002,8,5
2464,1.0,2002,8,6
2465,1.0,2002,8,7
2466,0.0,2002,8,8
2467,0.0,2002,8,9
2468,0.0,2002,8,10
2469,0.0,2002,8,11
2470,0.0,2002,8,12
2471,0.0,2002,8,13
2472,1.0,2002,8,14
2473,1.0,2002,8,15
2474,1.0,2002,8,16
2475,1.0,2002,8,17
2476,1.0,2002,8,18
2477,1.0,2002,8,19
2478,1.0,2002,8,20
2479,1.0,2002,8,21
2480,1.0,2002,8,22
2481,1.0,2002,8,23
2482,1.0,2002,8,24
2483,1.0,2002,8,25
2484,1.0,2002,8,26
2485,1.0,2002,8,27
2486,0.0,2002,8,28
2487,0.0,2002,8,29
2488,0.0,2002,8,30
2489,0.0,2002,8,31
2490,0.0,2002,9,1
2491,0.0,2002,9,2
2492,0.0,2002,9,3
2493,0.0,2002,9,4
2494,0.0,2002,9,5
2495,0.0,2002,9,6
2496,0.0,2003,5,26
2497,0.0,2003,5,27
2498,0.0,2003,5,28
2499,0.0,2003,5,29
2500,0.0,2003,5,30
2501,0.0,2003,5,31
2502,0.0,2003,6,1
2503,0.0,2003,6,2
2504,1.0,2003,6,3
2505,1.0,2003,6,4
2506,1.0,2003,6,5
2507,1.0,2003,6,6
2508,1.0,2003,6,7
2509,1.0,2003,6,8
2510,1.0,2003,6,9
2511,1.0,2003,6,10
2512,1.0,2003,6,11
2513,1.0,2003,6,12
2514,1.0,2003,6,13
2515,1.0,2003,6,14
2516,0.0,2003,6,15
2517,0.0,2003,6,16
2518,0.0,2003,6,17
2519,0.0,2003,6,18
2520,0.0,2003,6,19
2521,0.0,2003,6,20
2522,0.0,2003,6,21
2523,0.0,2003,6,22
2524,0.0,2003,6,23
2525,0.0,2003,6,24
2526,1.0,2003,6,25
2527,1.0,2003,6,26
2528,1.0,2003,6,27
2529,1.0,2003,6,28
2530,1.0,2003,6,29
2531,1.0,2003,6,30
2532,1.0,2003,7,1
2533,0.0,2003,7,2
2534,0.0,2003,7,3
2535,0.0,2003,7,4
2536,0.0,2003,7,5
2537,0.0,2003,7,6
2538,0.0,2003,7,7
2539,0.0,2003,7,8
2540,0.0,2003,7,9
2541,0.0,2003,7,10
2542,0.0,2003,7,11
2543,0.0,2003,7,12
2544,1.0,2003,7,13
2545,1.0,2003,7,14
2546,1.0,2003,7,15
2547,1.0,2003,7,16
2548,1.0,2003,7,17
2549,1.0,2003,7,18
2550,1.0,2003,7,19
2551,1.0,2003,7,20
2552,1.0,2003,7,21
2553,1.0,2003,7,22
2554,0.0,2003,7,23
2555,0.0,2003,7,24
2556,0.0,2003,7,25
2557,1.0,2003,7,26
2558,1.0,2003,7,27
2559,1.0,2003,7,28
2560,1.0,2003,7,29
2561,1.0,2003,7,30
2562,1.0,2003,7,31
2563,1.0,2003,8,1
2564,1.0,2003,8,2
2565,1.0,2003,8,3
2566,1.0,2003,8,4
2567,1.0,2003,8,5
2568,1.0,2003,8,6
2569,1.0,2003,8,7
2570,1.0,2003,8,8
2571,1.0,2003,8,9
2572,1.0,2003,8,10
2573,1.0,2003,8,11
2574,1.0,2003,8,12
2575,0.0,2003,8,13
2576,0.0,2003,8,14
2577,0.0,2003,8,15
2578,0.0,2003,8,16
2579,0.0,2003,8,17
2580,0.0,2003,8,18
2581,0.0,2003,8,19
2582,0.0,2003,8,20
2583,0.0,2003,8,21
2584,0.0,2003,8,22
2585,0.0,2003,8,23
2586,0.0,2003,8,24
2587,0.0,2003,8,25
2588,0.0,2003,8,26
2589,0.0,2003,8,27
2590,0.0,2003,8,28
2591,0.0,2003,8,29
2592,0.0,2003,8,30
2593,0.0,2003,8,31
2594,0.0,2003,9,1
2595,0.0,2003,9,2
2596,0.0,2003,9,3
2597,0.0,2003,9,4
2598,0.0,2003,9,5
2599,0.0,2003,9,6
2600,0.0,2004,5,26
2601,0.0,2004,5,27
2602,0.0,2004,5,28
2603,0.0,2004,5,29
2604,0.0,2004,5,30
2605,0.0,2004,5,31
2606,0.0,2004,6,1
2607,0.0,2004,6,2
2608,0.0,2004,6,3
2609,0.0,2004,6,4
2610,0.0,2004,6,5
2611,0.0,2004,6,6
2612,0.0,2004,6,7
2613,0.0,2004,6,8
2614,0.0,2004,6,9
2615,0.0,2004,6,10
2616,0.0,2004,6,11
2617,0.0,2004,6,12
2618,0.0,2004,6,13
2619,0.0,2004,6,14
2620,0.0,2004,6,15
2621,0.0,2004,6,16
2622,0.0,2004,6,17
2623,0.0,2004,6,18
2624,0.0,2004,6,19
2625,0.0,2004,6,20
2626,0.0,2004,6,21
2627,0.0,2004,6,22
2628,0.0,2004,6,23
2629,0.0,2004,6,24
2630,0.0,2004,6,25
2631,0.0,2004,6,26
2632,0.0,2004,6,27
2633,0.0,2004,6,28
2634,0.0,2004,6,29
2635,0.0,2004,6,30
2636,0.0,2004,7,1
2637,0.0,2004,7,2
2638,0.0,2004,7,3
2639,0.0,2004,7,4
2640,0.0,2004,7,5
2641,0.0,2004,7,6
2642,0.0,2004,7,7
2643,0.0,2004,7,8
2644,0.0,2004,7,9
2645,0.0,2004,7,10
2646,0.0,2004,7,11
2647,0.0,2004,7,12
2648,0.0,2004,7,13
2649,0.0,2004,7,14
2650,0.0,2004,7,15
2651,0.0,2004,7,16
2652,0.0,2004,7,17
2653,0.0,2004,7,18
2654,1.0,2004,7,19
2655,1.0,2004,7,20
2656,1.0,2004,7,21
2657,1.0,2004,7,22
2658,1.0,2004,7,23
2659,1.0,2004,7,24
2660,0.0,2004,7,25
2661,0.0,2004,7,26
2662,0.0,2004,7,27
2663,0.0,2004,7,28
2664,1.0,2004,7,29
2665,1.0,2004,7,30
2666,1.0,2004,7,31
2667,1.0,2004,8,1
2668,1.0,2004,8,2
2669,1.0,2004,8,3
2670,1.0,2004,8,4
2671,1.0,2004,8,5
2672,1.0,2004,8,6
2673,1.0,2004,8,7
2674,1.0,2004,8,8
2675,1.0,2004,8,9
2676,1.0,2004,8,10
2677,1.0,2004,8,11
2678,0.0,2004,8,12
2679,0.0,2004,8,13
2680,0.0,2004,8,14
2681,0.0,2004,8,15
2682,0.0,2004,8,16
2683,0.0,2004,8,17
2684,0.0,2004,8,18
2685,0.0,2004,8,19
2686,0.0,2004,8,20
2687,0.0,2004,8,21
2688,0.0,2004,8,22
2689,0.0,2004,8,23
2690,0.0,2004,8,24
2691,0.0,2004,8,25
2692,0.0,2004,8,26
2693,0.0,2004,8,27
2694,0.0,2004,8,28
2695,0.0,2004,8,29
2696,0.0,2004,8,30
2697,0.0,2004,8,31
2698,0.0,2004,9,1
2699,0.0,2004,9,2
2700,0.0,2004,9,3
2701,0.0,2004,9,4
2702,0.0,2004,9,5
2703,0.0,2004,9,6
2704,0.0,2005,5,26
2705,0.0,2005,5,27
2706,0.0,2005,5,28
2707,0.0,2005,5,29
2708,0.0,2005,5,30
2709,0.0,2005,5,31
2710,0.0,2005,6,1
2711,0.0,2005,6,2
2712,0.0,2005,6,3
2713,0.0,2005,6,4
2714,0.0,2005,6,5
2715,0.0,2005,6,6
2716,0.0,2005,6,7
2717,0.0,2005,6,8
2718,0.0,2005,6,9
2719,0.0,2005,6,10
2720,0.0,2005,6,11
2721,0.0,2005,6,12
2722,0.0,2005,6,13
2723,0.0,2005,6,14
2724,0.0,2005,6,15
2725,1.0,2005,6,16
2726,1.0,2005,6,17
2727,1.0,2005,6,18
2728,1.0,2005,6,19
2729,1.0,2005,6,20
2730,0.0,2005,6,21
2731,0.0,2005,6,22
2732,0.0,2005,6,23
2733,0.0,2005,6,24
2734,0.0,2005,6,25
2735,0.0,2005,6,26
2736,0.0,2005,6,27
2737,0.0,2005,6,28
2738,0.0,2005,6,29
2739,0.0,2005,6,30
2740,0.0,2005,7,1
2741,0.0,2005,7,2
2742,0.0,2005,7,3
2743,0.0,2005,7,4
2744,0.0,2005,7,5
2745,0.0,2005,7,6
2746,0.0,2005,7,7
2747,1.0,2005,7,8
2748,1.0,2005,7,9
2749,1.0,2005,7,10
2750,1.0,2005,7,11
2751,1.0,2005,7,12
2752,0.0,2005,7,13
2753,0.0,2005,7,14
2754,0.0,2005,7,15
2755,0.0,2005,7,16
2756,0.0,2005,7,17
2757,0.0,2005,7,18
2758,0.0,2005,7,19
2759,0.0,2005,7,20
2760,0.0,2005,7,21
2761,0.0,2005,7,22
2762,0.0,2005,7,23
2763,0.0,2005,7,24
2764,0.0,2005,7,25
2765,0.0,2005,7,26
2766,0.0,2005,7,27
2767,0.0,2005,7,28
2768,0.0,2005,7,29
2769,0.0,2005,7,30
2770,0.0,2005,7,31
2771,0.0,2005,8,1
2772,0.0,2005,8,2
2773,0.0,2005,8,3
2774,0.0,2005,8,4
2775,0.0,2005,8,5
2776,0.0,2005,8,6
2777,0.0,2005,8,7
2778,0.0,2005,8,8
2779,0.0,2005,8,9
2780,0.0,2005,8,10
2781,0.0,2005,8,11
2782,0.0,2005,8,12
2783,0.0,2005,8,13
2784,0.0,2005,8,14
2785,0.0,2005,8,15
2786,0.0,2005,8,16
2787,0.0,2005,8,17
2788,1.0,2005,8,18
2789,1.0,2005,8,19
2790,1.0,2005,8,20
2791,1.0,2005,8,21
2792,1.0,2005,8,22
2793,0.0,2005,8,23
2794,0.0,2005,8,24
2795,0.0,2005,8,25
2796,0.0,2005,8,26
2797,0.0,2005,8,27
2798,0.0,2005,8,28
2799,1.0,2005,8,29
2800,1.0,2005,8,30
2801,1.0,2005,8,31
2802,1.0,2005,9,1
2803,1.0,2005,9,2
2804,1.0,2005,9,3
2805,1.0,2005,9,4
2806,0.0,2005,9,5
2807,0.0,2005,9,6
2808,0.0,2006,5,26
2809,0.0,2006,5,27
2810,0.0,2006,5,28
2811,0.0,2006,5,29
2812,0.0,2006,5,30
2813,0.0,2006,5,31
2814,0.0,2006,6,1
2815,0.0,2006,6,2
2816,0.0,2006,6,3
2817,0.0,2006,6,4
2818,0.0,2006,6,5
2819,0.0,2006,6,6
2820,0.0,2006,6,7
2821,1.0,2006,6,8
2822,1.0,2006,6,9
2823,1.0,2006,6,10
2824,1.0,2006,6,11
2825,1.0,2006,6,12
2826,1.0,2006,6,13
2827,0.0,2006,6,14
2828,0.0,2006,6,15
2829,0.0,2006,6,16
2830,0.0,2006,6,17
2831,0.0,2006,6,18
2832,0.0,2006,6,19
2833,0.0,2006,6,20
2834,0.0,2006,6,21
2835,0.0,2006,6,22
2836,0.0,2006,6,23
2837,0.0,2006,6,24
2838,0.0,2006,6,25
2839,1.0,2006,6,26
2840,1.0,2006,6,27
2841,1.0,2006,6,28
2842,1.0,2006,6,29
2843,1.0,2006,6,30
2844,1.0,2006,7,1
2845,1.0,2006,7,2
2846,1.0,2006,7,3
2847,1.0,2006,7,4
2848,1.0,2006,7,5
2849,1.0,2006,7,6
2850,0.0,2006,7,7
2851,1.0,2006,7,8
2852,1.0,2006,7,9
2853,1.0,2006,7,10
2854,1.0,2006,7,11
2855,1.0,2006,7,12
2856,1.0,2006,7,13
2857,1.0,2006,7,14
2858,1.0,2006,7,15
2859,1.0,2006,7,16
2860,1.0,2006,7,17
2861,1.0,2006,7,18
2862,1.0,2006,7,19
2863,1.0,2006,7,20
2864,1.0,2006,7,21
2865,1.0,2006,7,22
2866,1.0,2006,7,23
2867,1.0,2006,7,24
2868,1.0,2006,7,25
2869,1.0,2006,7,26
2870,1.0,2006,7,27
2871,0.0,2006,7,28
2872,0.0,2006,7,29
2873,0.0,2006,7,30
2874,0.0,2006,7,31
2875,0.0,2006,8,1
2876,0.0,2006,8,2
2877,1.0,2006,8,3
2878,1.0,2006,8,4
2879,1.0,2006,8,5
2880,1.0,2006,8,6
2881,1.0,2006,8,7
2882,0.0,2006,8,8
2883,0.0,2006,8,9
2884,0.0,2006,8,10
2885,1.0,2006,8,11
2886,1.0,2006,8,12
2887,1.0,2006,8,13
2888,1.0,2006,8,14
2889,1.0,2006,8,15
2890,0.0,2006,8,16
2891,0.0,2006,8,17
2892,0.0,2006,8,18
2893,0.0,2006,8,19
2894,1.0,2006,8,20
2895,1.0,2006,8,21
2896,1.0,2006,8,22
2897,1.0,2006,8,23
2898,1.0,2006,8,24
2899,0.0,2006,8,25
2900,0.0,2006,8,26
2901,0.0,2006,8,27
2902,0.0,2006,8,28
2903,0.0,2006,8,29
2904,0.0,2006,8,30
2905,0.0,2006,8,31
2906,0.0,2006,9,1
2907,0.0,2006,9,2
2908,0.0,2006,9,3
2909,0.0,2006,9,4
2910,0.0,2006,9,5
2911,0.0,2006,9,6
2912,0.0,2007,5,26
2913,0.0,2007,5,27
2914,0.0,2007,5,28
2915,0.0,2007,5,29
2916,0.0,2007,5,30
2917,1.0,2007,5,31
2918,1.0,2007,6,1
2919,1.0,2007,6,2
2920,1.0,2007,6,3
2921,1.0,2007,6,4
2922,1.0,2007,6,5
2923,1.0,2007,6,6
2924,1.0,2007,6,7
2925,1.0,2007,6,8
2926,1.0,2007,6,9
2927,0.0,2007,6,10
2928,0.0,2007,6,11
2929,0.0,2007,6,12
2930,0.0,2007,6,13
2931,0.0,2007,6,14
2932,0.0,2007,6,15
2933,1.0,2007,6,16
2934,1.0,2007,6,17
2935,1.0,2007,6,18
2936,1.0,2007,6,19
2937,1.0,2007,6,20
2938,0.0,2007,6,21
2939,0.0,2007,6,22
2940,0.0,2007,6,23
2941,0.0,2007,6,24
2942,0.0,2007,6,25
2943,0.0,2007,6,26
2944,0.0,2007,6,27
2945,0.0,2007,6,28
2946,0.0,2007,6,29
2947,0.0,2007,6,30
2948,0.0,2007,7,1
2949,0.0,2007,7,2
2950,0.0,2007,7,3
2951,0.0,2007,7,4
2952,0.0,2007,7,5
2953,0.0,2007,7,6
2954,0.0,2007,7,7
2955,0.0,2007,7,8
2956,0.0,2007,7,9
2957,0.0,2007,7,10
2958,0.0,2007,7,11
2959,0.0,2007,7,12
2960,0.0,2007,7,13
2961,0.0,2007,7,14
2962,0.0,2007,7,15
2963,0.0,2007,7,16
2964,0.0,2007,7,17
2965,0.0,2007,7,18
2966,0.0,2007,7,19
2967,0.0,2007,7,20
2968,0.0,2007,7,21
2969,0.0,2007,7,22
2970,0.0,2007,7,23
2971,0.0,2007,7,24
2972,0.0,2007,7,25
2973,0.0,2007,7,26
2974,0.0,2007,7,27
2975,0.0,2007,7,28
2976,0.0,2007,7,29
2977,0.0,2007,7,30
2978,0.0,2007,7,31
2979,0.0,2007,8,1
2980,0.0,2007,8,2
2981,0.0,2007,8,3
2982,0.0,2007,8,4
2983,1.0,2007,8,5
2984,1.0,2007,8,6
2985,1.0,2007,8,7
2986,1.0,2007,8,8
2987,1.0,2007,8,9
2988,1.0,2007,8,10
2989,1.0,2007,8,11
2990,0.0,2007,8,12
2991,0.0,2007,8,13
2992,0.0,2007,8,14
2993,0.0,2007,8,15
2994,0.0,2007,8,16
2995,0.0,2007,8,17
2996,0.0,2007,8,18
2997,0.0,2007,8,19
2998,0.0,2007,8,20
2999,1.0,2007,8,21
3000,1.0,2007,8,22
3001,1.0,2007,8,23
3002,1.0,2007,8,24
3003,1.0,2007,8,25
3004,1.0,2007,8,26
3005,0.0,2007,8,27
3006,0.0,2007,8,28
3007,0.0,2007,8,29
3008,0.0,2007,8,30
3009,0.0,2007,8,31
3010,0.0,2007,9,1
3011,0.0,2007,9,2
3012,0.0,2007,9,3
3013,0.0,2007,9,4
3014,0.0,2007,9,5
3015,0.0,2007,9,6
3016,0.0,2008,5,26
3017,0.0,2008,5,27
3018,1.0,2008,5,28
3019,1.0,2008,5,29
3020,1.0,2008,5,30
3021,1.0,2008,5,31
3022,1.0,2008,6,1
3023,1.0,2008,6,2
3024,1.0,2008,6,3
3025,1.0,2008,6,4
3026,1.0,2008,6,5
3027,1.0,2008,6,6
3028,1.0,2008,6,7
3029,0.0,2008,6,8
3030,0.0,2008,6,9
3031,0.0,2008,6,10
3032,0.0,2008,6,11
3033,0.0,2008,6,12
3034,0.0,2008,6,13
3035,0.0,2008,6,14
3036,0.0,2008,6,15
3037,0.0,2008,6,16
3038,0.0,2008,6,17
3039,0.0,2008,6,18
3040,0.0,2008,6,19
3041,0.0,2008,6,20
3042,0.0,2008,6,21
3043,0.0,2008,6,22
3044,1.0,2008,6,23
3045,1.0,2008,6,24
3046,1.0,2008,6,25
3047,1.0,2008,6,26
3048,1.0,2008,6,27
3049,1.0,2008,6,28
3050,1.0,2008,6,29
3051,1.0,2008,6,30
3052,1.0,2008,7,1
3053,0.0,2008,7,2
3054,0.0,2008,7,3
3055,0.0,2008,7,4
3056,0.0,2008,7,5
3057,0.0,2008,7,6
3058,0.0,2008,7,7
3059,0.0,2008,7,8
3060,0.0,2008,7,9
3061,0.0,2008,7,10
3062,0.0,2008,7,11
3063,0.0,2008,7,12
3064,0.0,2008,7,13
3065,0.0,2008,7,14
3066,0.0,2008,7,15
3067,0.0,2008,7,16
3068,0.0,2008,7,17
3069,0.0,2008,7,18
3070,0.0,2008,7,19
3071,0.0,2008,7,20
3072,0.0,2008,7,21
3073,0.0,2008,7,22
3074,0.0,2008,7,23
3075,1.0,2008,7,24
3076,1.0,2008,7,25
3077,1.0,2008,7,26
3078,1.0,2008,7,27
3079,1.0,2008,7,28
3080,1.0,2008,7,29
3081,1.0,2008,7,30
3082,1.0,2008,7,31
3083,1.0,2008,8,1
3084,0.0,2008,8,2
3085,0.0,2008,8,3
3086,0.0,2008,8,4
3087,0.0,2008,8,5
3088,0.0,2008,8,6
3089,0.0,2008,8,7
3090,0.0,2008,8,8
3091,0.0,2008,8,9
3092,0.0,2008,8,10
3093,0.0,2008,8,11
3094,0.0,2008,8,12
3095,0.0,2008,8,13
3096,0.0,2008,8,14
3097,0.0,2008,8,15
3098,0.0,2008,8,16
3099,0.0,2008,8,17
3100,0.0,2008,8,18
3101,0.0,2008,8,19
3102,0.0,2008,8,20
3103,0.0,2008,8,21
3104,0.0,2008,8,22
3105,0.0,2008,8,23
3106,0.0,2008,8,24
3107,0.0,2008,8,25
3108,0.0,2008,8,26
3109,0.0,2008,8,27
3110,0.0,2008,8,28
3111,0.0,2008,8,29
3112,0.0,2008,8,30
3113,0.0,2008,8,31
3114,0.0,2008,9,1
3115,0.0,2008,9,2
3116,0.0,2008,9,3
3117,0.0,2008,9,4
3118,0.0,2008,9,5
3119,0.0,2008,9,6
3120,0.0,2009,5,26
3121,0.0,2009,5,27
3122,1.0,2009,5,28
3123,1.0,2009,5,29
3124,1.0,2009,5,30
3125,1.0,2009,5,31
3126,1.0,2009,6,1
3127,0.0,2009,6,2
3128,0.0,2009,6,3
3129,0.0,2009,6,4
3130,0.0,2009,6,5
3131,0.0,2009,6,6
3132,0.0,2009,6,7
3133,0.0,2009,6,8
3134,0.0,2009,6,9
3135,0.0,2009,6,10
3136,0.0,2009,6,11
3137,0.0,2009,6,12
3138,0.0,2009,6,13
3139,0.0,2009,6,14
3140,0.0,2009,6,15
3141,0.0,2009,6,16
3142,0.0,2009,6,17
3143,0.0,2009,6,18
3144,0.0,2009,6,19
3145,0.0,2009,6,20
3146,0.0,2009,6,21
3147,0.0,2009,6,22
3148,1.0,2009,6,23
3149,1.0,2009,6,24
3150,1.0,2009,6,25
3151,1.0,2009,6,26
3152,1.0,2009,6,27
3153,1.0,2009,6,28
3154,1.0,2009,6,29
3155,1.0,2009,6,30
3156,1.0,2009,7,1
3157,1.0,2009,7,2
3158,1.0,2009,7,3
3159,0.0,2009,7,4
3160,0.0,2009,7,5
3161,0.0,2009,7,6
3162,0.0,2009,7,7
3163,0.0,2009,7,8
3164,0.0,2009,7,9
3165,0.0,2009,7,10
3166,0.0,2009,7,11
3167,0.0,2009,7,12
3168,0.0,2009,7,13
3169,0.0,2009,7,14
3170,0.0,2009,7,15
3171,0.0,2009,7,16
3172,0.0,2009,7,17
3173,0.0,2009,7,18
3174,0.0,2009,7,19
3175,0.0,2009,7,20
3176,0.0,2009,7,21
3177,0.0,2009,7,22
3178,0.0,2009,7,23
3179,0.0,2009,7,24
3180,0.0,2009,7,25
3181,0.0,2009,7,26
3182,0.0,2009,7,27
3183,0.0,2009,7,28
3184,0.0,2009,7,29
3185,0.0,2009,7,30
3186,0.0,2009,7,31
3187,0.0,2009,8,1
3188,0.0,2009,8,2
3189,0.0,2009,8,3
3190,1.0,2009,8,4
3191,1.0,2009,8,5
3192,1.0,2009,8,6
3193,1.0,2009,8,7
3194,1.0,2009,8,8
3195,1.0,2009,8,9
3196,0.0,2009,8,10
3197,0.0,2009,8,11
3198,0.0,2009,8,12
3199,0.0,2009,8,13
3200,0.0,2009,8,14
3201,0.0,2009,8,15
3202,0.0,2009,8,16
3203,0.0,2009,8,17
3204,0.0,2009,8,18
3205,0.0,2009,8,19
3206,0.0,2009,8,20
3207,0.0,2009,8,21
3208,0.0,2009,8,22
3209,0.0,2009,8,23
3210,0.0,2009,8,24
3211,0.0,2009,8,25
3212,0.0,2009,8,26
3213,0.0,2009,8,27
3214,0.0,2009,8,28
3215,0.0,2009,8,29
3216,0.0,2009,8,30
3217,0.0,2009,8,31
3218,0.0,2009,9,1
3219,0.0,2009,9,2
3220,0.0,2009,9,3
3221,0.0,2009,9,4
3222,0.0,2009,9,5
3223,0.0,2009,9,6
3224,0.0,2010,5,26
3225,0.0,2010,5,27
3226,0.0,2010,5,28
3227,0.0,2010,5,29
3228,0.0,2010,5,30
3229,0.0,2010,5,31
3230,0.0,2010,6,1
3231,0.0,2010,6,2
3232,0.0,2010,6,3
3233,0.0,2010,6,4
3234,0.0,2010,6,5
3235,0.0,2010,6,6
3236,0.0,2010,6,7
3237,0.0,2010,6,8
3238,0.0,2010,6,9
3239,0.0,2010,6,10
3240,0.0,2010,6,11
3241,0.0,2010,6,12
3242,0.0,2010,6,13
3243,0.0,2010,6,14
3244,0.0,2010,6,15
3245,0.0,2010,6,16
3246,0.0,2010,6,17
3247,0.0,2010,6,18
3248,0.0,2010,6,19
3249,0.0,2010,6,20
3250,0.0,2010,6,21
3251,0.0,2010,6,22
3252,0.0,2010,6,23
3253,0.0,2010,6,24
3254,0.0,2010,6,25
3255,0.0,2010,6,26
3256,0.0,2010,6,27
3257,0.0,2010,6,28
3258,0.0,2010,6,29
3259,0.0,2010,6,30
3260,0.0,2010,7,1
3261,0.0,2010,7,2
3262,0.0,2010,7,3
3263,0.0,2010,7,4
3264,0.0,2010,7,5
3265,0.0,2010,7,6
3266,0.0,2010,7,7
3267,1.0,2010,7,8
3268,1.0,2010,7,9
3269,1.0,2010,7,10
3270,1.0,2010,7,11
3271,1.0,2010,7,12
3272,1.0,2010,7,13
3273,1.0,2010,7,14
3274,1.0,2010,7,15
3275,1.0,2010,7,16
3276,1.0,2010,7,17
3277,1.0,2010,7,18
3278,1.0,2010,7,19
3279,1.0,2010,7,20
3280,1.0,2010,7,21
3281,0.0,2010,7,22
3282,0.0,2010,7,23
3283,0.0,2010,7,24
3284,1.0,2010,7,25
3285,1.0,2010,7,26
3286,1.0,2010,7,27
3287,1.0,2010,7,28
3288,1.0,2010,7,29
3289,1.0,2010,7,30
3290,1.0,2010,7,31
3291,1.0,2010,8,1
3292,1.0,2010,8,2
3293,0.0,2010,8,3
3294,0.0,2010,8,4
3295,0.0,2010,8,5
3296,1.0,2010,8,6
3297,1.0,2010,8,7
3298,1.0,2010,8,8
3299,1.0,2010,8,9
3300,1.0,2010,8,10
3301,1.0,2010,8,11
3302,1.0,2010,8,12
3303,1.0,2010,8,13
3304,1.0,2010,8,14
3305,1.0,2010,8,15
3306,1.0,2010,8,16
3307,0.0,2010,8,17
3308,0.0,2010,8,18
3309,0.0,2010,8,19
3310,0.0,2010,8,20
3311,0.0,2010,8,21
3312,0.0,2010,8,22
3313,0.0,2010,8,23
3314,0.0,2010,8,24
3315,0.0,2010,8,25
3316,0.0,2010,8,26
3317,0.0,2010,8,27
3318,0.0,2010,8,28
3319,0.0,2010,8,29
3320,0.0,2010,8,30
3321,0.0,2010,8,31
3322,0.0,2010,9,1
3323,0.0,2010,9,2
3324,0.0,2010,9,3
3325,0.0,2010,9,4
3326,0.0,2010,9,5
3327,0.0,2010,9,6
3328,0.0,2011,5,26
3329,0.0,2011,5,27
3330,0.0,2011,5,28
3331,0.0,2011,5,29
3332,0.0,2011,5,30
3333,0.0,2011,5,31
3334,0.0,2011,6,1
3335,0.0,2011,6,2
3336,0.0,2011,6,3
3337,0.0,2011,6,4
3338,0.0,2011,6,5
3339,0.0,2011,6,6
3340,0.0,2011,6,7
3341,0.0,2011,6,8
3342,0.0,2011,6,9
3343,0.0,2011,6,10
3344,0.0,2011,6,11
3345,0.0,2011,6,12
3346,0.0,2011,6,13
3347,0.0,2011,6,14
3348,0.0,2011,6,15
3349,0.0,2011,6,16
3350,0.0,2011,6,17
3351,0.0,2011,6,18
3352,0.0,2011,6,19
3353,0.0,2011,6,20
3354,0.0,2011,6,21
3355,0.0,2011,6,22
3356,0.0,2011,6,23
3357,0.0,2011,6,24
3358,0.0,2011,6,25
3359,0.0,2011,6,26
3360,1.0,2011,6,27
3361,1.0,2011,6,28
3362,1.0,2011,6,29
3363,1.0,2011,6,30
3364,1.0,2011,7,1
3365,1.0,2011,7,2
3366,0.0,2011,7,3
3367,0.0,2011,7,4
3368,0.0,2011,7,5
3369,0.0,2011,7,6
3370,0.0,2011,7,7
3371,0.0,2011,7,8
3372,0.0,2011,7,9
3373,0.0,2011,7,10
3374,0.0,2011,7,11
3375,0.0,2011,7,12
3376,0.0,2011,7,13
3377,0.0,2011,7,14
3378,0.0,2011,7,15
3379,0.0,2011,7,16
3380,0.0,2011,7,17
3381,0.0,2011,7,18
3382,0.0,2011,7,19
3383,0.0,2011,7,20
3384,0.0,2011,7,21
3385,0.0,2011,7,22
3386,0.0,2011,7,23
3387,0.0,2011,7,24
3388,0.0,2011,7,25
3389,1.0,2011,7,26
3390,1.0,2011,7,27
3391,1.0,2011,7,28
3392,1.0,2011,7,29
3393,1.0,2011,7,30
3394,1.0,2011,7,31
3395,1.0,2011,8,1
3396,1.0,2011,8,2
3397,1.0,2011,8,3
3398,0.0,2011,8,4
3399,0.0,2011,8,5
3400,0.0,2011,8,6
3401,0.0,2011,8,7
3402,0.0,2011,8,8
3403,0.0,2011,8,9
3404,0.0,2011,8,10
3405,0.0,2011,8,11
3406,0.0,2011,8,12
3407,0.0,2011,8,13
3408,0.0,2011,8,14
3409,0.0,2011,8,15
3410,0.0,2011,8,16
3411,0.0,2011,8,17
3412,0.0,2011,8,18
3413,0.0,2011,8,19
3414,0.0,2011,8,20
3415,0.0,2011,8,21
3416,0.0,2011,8,22
3417,1.0,2011,8,23
3418,1.0,2011,8,24
3419,1.0,2011,8,25
3420,1.0,2011,8,26
3421,1.0,2011,8,27
3422,0.0,2011,8,28
3423,0.0,2011,8,29
3424,0.0,2011,8,30
3425,0.0,2011,8,31
3426,0.0,2011,9,1
3427,0.0,2011,9,2
3428,0.0,2011,9,3
3429,0.0,2011,9,4
3430,0.0,2011,9,5
3431,0.0,2011,9,6
3432,0.0,2012,5,26
3433,0.0,2012,5,27
3434,0.0,2012,5,28
3435,0.0,2012,5,29
3436,0.0,2012,5,30
3437,0.0,2012,5,31
3438,0.0,2012,6,1
3439,0.0,2012,6,2
3440,0.0,2012,6,3
3441,0.0,2012,6,4
3442,0.0,2012,6,5
3443,0.0,2012,6,6
3444,0.0,2012,6,7
3445,0.0,2012,6,8
3446,0.0,2012,6,9
3447,0.0,2012,6,10
3448,0.0,2012,6,11
3449,0.0,2012,6,12
3450,0.0,2012,6,13
3451,0.0,2012,6,14
3452,0.0,2012,6,15
3453,0.0,2012,6,16
3454,0.0,2012,6,17
3455,0.0,2012,6,18
3456,0.0,2012,6,19
3457,0.0,2012,6,20
3458,0.0,2012,6,21
3459,0.0,2012,6,22
3460,0.0,2012,6,23
3461,0.0,2012,6,24
3462,0.0,2012,6,25
3463,0.0,2012,6,26
3464,0.0,2012,6,27
3465,0.0,2012,6,28
3466,0.0,2012,6,29
3467,0.0,2012,6,30
3468,0.0,2012,7,1
3469,1.0,2012,7,2
3470,1.0,2012,7,3
3471,1.0,2012,7,4
3472,1.0,2012,7,5
3473,1.0,2012,7,6
3474,1.0,2012,7,7
3475,0.0,2012,7,8
3476,0.0,2012,7,9
3477,0.0,2012,7,10
3478,0.0,2012,7,11
3479,0.0,2012,7,12
3480,0.0,2012,7,13
3481,0.0,2012,7,14
3482,0.0,2012,7,15
3483,0.0,2012,7,16
3484,0.0,2012,7,17
3485,0.0,2012,7,18
3486,0.0,2012,7,19
3487,0.0,2012,7,20
3488,0.0,2012,7,21
3489,0.0,2012,7,22
3490,1.0,2012,7,23
3491,1.0,2012,7,24
3492,1.0,2012,7,25
3493,1.0,2012,7,26
3494,1.0,2012,7,27
3495,0.0,2012,7,28
3496,0.0,2012,7,29
3497,0.0,2012,7,30
3498,0.0,2012,7,31
3499,0.0,2012,8,1
3500,0.0,2012,8,2
3501,0.0,2012,8,3
3502,0.0,2012,8,4
3503,0.0,2012,8,5
3504,0.0,2012,8,6
3505,0.0,2012,8,7
3506,0.0,2012,8,8
3507,0.0,2012,8,9
3508,1.0,2012,8,10
3509,1.0,2012,8,11
3510,1.0,2012,8,12
3511,1.0,2012,8,13
3512,1.0,2012,8,14
3513,1.0,2012,8,15
3514,1.0,2012,8,16
3515,0.0,2012,8,17
3516,0.0,2012,8,18
3517,0.0,2012,8,19
3518,0.0,2012,8,20
3519,0.0,2012,8,21
3520,0.0,2012,8,22
3521,0.0,2012,8,23
3522,0.0,2012,8,24
3523,0.0,2012,8,25
3524,0.0,2012,8,26
3525,0.0,2012,8,27
3526,0.0,2012,8,28
3527,0.0,2012,8,29
3528,0.0,2012,8,30
3529,0.0,2012,8,31
3530,0.0,2012,9,1
3531,0.0,2012,9,2
3532,0.0,2012,9,3
3533,0.0,2012,9,4
3534,0.0,2012,9,5
3535,0.0,2012,9,6
3536,0.0,2013,5,26
3537,0.0,2013,5,27
3538,1.0,2013,5,28
3539,1.0,2013,5,29
3540,1.0,2013,5,30
3541,1.0,2013,5,31
3542,1.0,2013,6,1
3543,1.0,2013,6,2
3544,1.0,2013,6,3
3545,1.0,2013,6,4
3546,1.0,2013,6,5
3547,1.0,2013,6,6
3548,0.0,2013,6,7
3549,0.0,2013,6,8
3550,0.0,2013,6,9
3551,0.0,2013,6,10
3552,0.0,2013,6,11
3553,0.0,2013,6,12
3554,0.0,2013,6,13
3555,0.0,2013,6,14
3556,0.0,2013,6,15
3557,0.0,2013,6,16
3558,0.0,2013,6,17
3559,0.0,2013,6,18
3560,0.0,2013,6,19
3561,0.0,2013,6,20
3562,0.0,2013,6,21
3563,0.0,2013,6,22
3564,0.0,2013,6,23
3565,1.0,2013,6,24
3566,1.0,2013,6,25
3567,1.0,2013,6,26
3568,1.0,2013,6,27
3569,1.0,2013,6,28
3570,0.0,2013,6,29
3571,0.0,2013,6,30
3572,0.0,2013,7,1
3573,0.0,2013,7,2
3574,0.0,2013,7,3
3575,0.0,2013,7,4
3576,1.0,2013,7,5
3577,1.0,2013,7,6
3578,1.0,2013,7,7
3579,1.0,2013,7,8
3580,1.0,2013,7,9
3581,0.0,2013,7,10
3582,0.0,2013,7,11
3583,0.0,2013,7,12
3584,0.0,2013,7,13
3585,0.0,2013,7,14
3586,0.0,2013,7,15
3587,0.0,2013,7,16
3588,0.0,2013,7,17
3589,1.0,2013,7,18
3590,1.0,2013,7,19
3591,1.0,2013,7,20
3592,1.0,2013,7,21
3593,1.0,2013,7,22
3594,1.0,2013,7,23
3595,1.0,2013,7,24
3596,1.0,2013,7,25
3597,0.0,2013,7,26
3598,0.0,2013,7,27
3599,0.0,2013,7,28
3600,0.0,2013,7,29
3601,0.0,2013,7,30
3602,0.0,2013,7,31
3603,0.0,2013,8,1
3604,1.0,2013,8,2
3605,1.0,2013,8,3
3606,1.0,2013,8,4
3607,1.0,2013,8,5
3608,1.0,2013,8,6
3609,1.0,2013,8,7
3610,1.0,2013,8,8
3611,0.0,2013,8,9
3612,0.0,2013,8,10
3613,0.0,2013,8,11
3614,0.0,2013,8,12
3615,0.0,2013,8,13
3616,0.0,2013,8,14
3617,0.0,2013,8,15
3618,0.0,2013,8,16
3619,0.0,2013,8,17
3620,0.0,2013,8,18
3621,0.0,2013,8,19
3622,0.0,2013,8,20
3623,0.0,2013,8,21
3624,1.0,2013,8,22
3625,1.0,2013,8,23
3626,1.0,2013,8,24
3627,1.0,2013,8,25
3628,1.0,2013,8,26
3629,1.0,2013,8,27
3630,0.0,2013,8,28
3631,0.0,2013,8,29
3632,0.0,2013,8,30
3633,0.0,2013,8,31
3634,0.0,2013,9,1
3635,0.0,2013,9,2
3636,0.0,2013,9,3
3637,0.0,2013,9,4
3638,0.0,2013,9,5
3639,0.0,2013,9,6
3640,0.0,2014,5,26
3641,0.0,2014,5,27
3642,0.0,2014,5,28
3643,0.0,2014,5,29
3644,0.0,2014,5,30
3645,0.0,2014,5,31
3646,0.0,2014,6,1
3647,1.0,2014,6,2
3648,1.0,2014,6,3
3649,1.0,2014,6,4
3650,1.0,2014,6,5
3651,1.0,2014,6,6
3652,1.0,2014,6,7
3653,1.0,2014,6,8
3654,1.0,2014,6,9
3655,1.0,2014,6,10
3656,1.0,2014,6,11
3657,0.0,2014,6,12
3658,0.0,2014,6,13
3659,0.0,2014,6,14
3660,0.0,2014,6,15
3661,0.0,2014,6,16
3662,0.0,2014,6,17
3663,0.0,2014,6,18
3664,0.0,2014,6,19
3665,0.0,2014,6,20
3666,0.0,2014,6,21
3667,0.0,2014,6,22
3668,0.0,2014,6,23
3669,0.0,2014,6,24
3670,0.0,2014,6,25
3671,0.0,2014,6,26
3672,0.0,2014,6,27
3673,0.0,2014,6,28
3674,0.0,2014,6,29
3675,0.0,2014,6,30
3676,0.0,2014,7,1
3677,0.0,2014,7,2
3678,0.0,2014,7,3
3679,0.0,2014,7,4
3680,0.0,2014,7,5
3681,1.0,2014,7,6
3682,1.0,2014,7,7
3683,1.0,2014,7,8
3684,1.0,2014,7,9
3685,1.0,2014,7,10
3686,1.0,2014,7,11
3687,1.0,2014,7,12
3688,1.0,2014,7,13
3689,1.0,2014,7,14
3690,1.0,2014,7,15
3691,1.0,2014,7,16
3692,1.0,2014,7,17
3693,1.0,2014,7,18
3694,1.0,2014,7,19
3695,1.0,2014,7,20
3696,1.0,2014,7,21
3697,1.0,2014,7,22
3698,1.0,2014,7,23
3699,1.0,2014,7,24
3700,1.0,2014,7,25
3701,1.0,2014,7,26
3702,1.0,2014,7,27
3703,0.0,2014,7,28
3704,0.0,2014,7,29
3705,0.0,2014,7,30
3706,0.0,2014,7,31
3707,0.0,2014,8,1
3708,1.0,2014,8,2
3709,1.0,2014,8,3
3710,1.0,2014,8,4
3711,1.0,2014,8,5
3712,1.0,2014,8,6
3713,0.0,2014,8,7
3714,0.0,2014,8,8
3715,0.0,2014,8,9
3716,0.0,2014,8,10
3717,0.0,2014,8,11
3718,0.0,2014,8,12
3719,0.0,2014,8,13
3720,0.0,2014,8,14
3721,0.0,2014,8,15
3722,0.0,2014,8,16
3723,0.0,2014,8,17
3724,0.0,2014,8,18
3725,0.0,2014,8,19
3726,0.0,2014,8,20
3727,0.0,2014,8,21
3728,0.0,2014,8,22
3729,0.0,2014,8,23
3730,0.0,2014,8,24
3731,0.0,2014,8,25
3732,0.0,2014,8,26
3733,0.0,2014,8,27
3734,0.0,2014,8,28
3735,0.0,2014,8,29
3736,0.0,2014,8,30
3737,0.0,2014,8,31
3738,0.0,2014,9,1
3739,0.0,2014,9,2
3740,0.0,2014,9,3
3741,0.0,2014,9,4
3742,0.0,2014,9,5
3743,0.0,2014,9,6
3744,0.0,2015,5,26
3745,0.0,2015,5,27
3746,0.0,2015,5,28
3747,0.0,2015,5,29
3748,0.0,2015,5,30
3749,0.0,2015,5,31
3750,0.0,2015,6,1
3751,0.0,2015,6,2
3752,0.0,2015,6,3
3753,0.0,2015,6,4
3754,0.0,2015,6,5
3755,0.0,2015,6,6
3756,0.0,2015,6,7
3757,0.0,2015,6,8
3758,0.0,2015,6,9
3759,0.0,2015,6,10
3760,0.0,2015,6,11
3761,0.0,2015,6,12
3762,0.0,2015,6,13
3763,0.0,2015,6,14
3764,0.0,2015,6,15
3765,0.0,2015,6,16
3766,0.0,2015,6,17
3767,0.0,2015,6,18
3768,0.0,2015,6,19
3769,0.0,2015,6,20
3770,0.0,2015,6,21
3771,0.0,2015,6,22
3772,0.0,2015,6,23
3773,0.0,2015,6,24
3774,0.0,2015,6,25
3775,0.0,2015,6,26
3776,0.0,2015,6,27
3777,0.0,2015,6,28
3778,0.0,2015,6,29
3779,0.0,2015,6,30
3780,1.0,2015,7,1
3781,1.0,2015,7,2
3782,1.0,2015,7,3
3783,1.0,2015,7,4
3784,1.0,2015,7,5
3785,0.0,2015,7,6
3786,0.0,2015,7,7
3787,0.0,2015,7,8
3788,0.0,2015,7,9
3789,0.0,2015,7,10
3790,0.0,2015,7,11
3791,0.0,2015,7,12
3792,0.0,2015,7,13
3793,0.0,2015,7,14
3794,0.0,2015,7,15
3795,0.0,2015,7,16
3796,0.0,2015,7,17
3797,0.0,2015,7,18
3798,0.0,2015,7,19
3799,0.0,2015,7,20
3800,0.0,2015,7,21
3801,0.0,2015,7,22
3802,0.0,2015,7,23
3803,0.0,2015,7,24
3804,0.0,2015,7,25
3805,0.0,2015,7,26
3806,0.0,2015,7,27
3807,0.0,2015,7,28
3808,0.0,2015,7,29
3809,0.0,2015,7,30
3810,0.0,2015,7,31
3811,0.0,2015,8,1
3812,0.0,2015,8,2
3813,0.0,2015,8,3
3814,1.0,2015,8,4
3815,1.0,2015,8,5
3816,1.0,2015,8,6
3817,1.0,2015,8,7
3818,1.0,2015,8,8
3819,1.0,2015,8,9
3820,1.0,2015,8,10
3821,1.0,2015,8,11
3822,1.0,2015,8,12
3823,0.0,2015,8,13
3824,1.0,2015,8,14
3825,1.0,2015,8,15
3826,1.0,2015,8,16
3827,1.0,2015,8,17
3828,1.0,2015,8,18
3829,1.0,2015,8,19
3830,1.0,2015,8,20
3831,1.0,2015,8,21
3832,1.0,2015,8,22
3833,1.0,2015,8,23
3834,1.0,2015,8,24
3835,1.0,2015,8,25
3836,0.0,2015,8,26
3837,0.0,2015,8,27
3838,1.0,2015,8,28
3839,1.0,2015,8,29
3840,1.0,2015,8,30
3841,1.0,2015,8,31
3842,1.0,2015,9,1
3843,0.0,2015,9,2
3844,0.0,2015,9,3
3845,0.0,2015,9,4
3846,0.0,2015,9,5
3847,0.0,2015,9,6
3848,0.0,2016,5,26
3849,0.0,2016,5,27
3850,1.0,2016,5,28
3851,1.0,2016,5,29
3852,1.0,2016,5,30
3853,1.0,2016,5,31
3854,1.0,2016,6,1
3855,1.0,2016,6,2
3856,1.0,2016,6,3
3857,1.0,2016,6,4
3858,1.0,2016,6,5
3859,1.0,2016,6,6
3860,0.0,2016,6,7
3861,0.0,2016,6,8
3862,0.0,2016,6,9
3863,0.0,2016,6,10
3864,0.0,2016,6,11
3865,0.0,2016,6,12
3866,0.0,2016,6,13
3867,0.0,2016,6,14
3868,0.0,2016,6,15
3869,0.0,2016,6,16
3870,1.0,2016,6,17
3871,1.0,2016,6,18
3872,1.0,2016,6,19
3873,1.0,2016,6,20
3874,1.0,2016,6,21
3875,1.0,2016,6,22
3876,1.0,2016,6,23
3877,1.0,2016,6,24
3878,1.0,2016,6,25
3879,1.0,2016,6,26
3880,0.0,2016,6,27
3881,0.0,2016,6,28
3882,0.0,2016,6,29
3883,0.0,2016,6,30
3884,0.0,2016,7,1
3885,0.0,2016,7,2
3886,0.0,2016,7,3
3887,0.0,2016,7,4
3888,0.0,2016,7,5
3889,0.0,2016,7,6
3890,0.0,2016,7,7
3891,0.0,2016,7,8
3892,0.0,2016,7,9
3893,0.0,2016,7,10
3894,0.0,2016,7,11
3895,0.0,2016,7,12
3896,0.0,2016,7,13
3897,0.0,2016,7,14
3898,0.0,2016,7,15
3899,0.0,2016,7,16
3900,0.0,2016,7,17
3901,0.0,2016,7,18
3902,0.0,2016,7,19
3903,1.0,2016,7,20
3904,1.0,2016,7,21
3905,1.0,2016,7,22
3906,1.0,2016,7,23
3907,1.0,2016,7,24
3908,1.0,2016,7,25
3909,0.0,2016,7,26
3910,0.0,2016,7,27
3911,0.0,2016,7,28
3912,0.0,2016,7,29
3913,0.0,2016,7,30
3914,0.0,2016,7,31
3915,0.0,2016,8,1
3916,0.0,2016,8,2
3917,0.0,2016,8,3
3918,0.0,2016,8,4
3919,0.0,2016,8,5
3920,0.0,2016,8,6
3921,0.0,2016,8,7
3922,0.0,2016,8,8
3923,0.0,2016,8,9
3924,0.0,2016,8,10
3925,0.0,2016,8,11
3926,0.0,2016,8,12
3927,0.0,2016,8,13
3928,0.0,2016,8,14
3929,1.0,2016,8,15
3930,1.0,2016,8,16
3931,1.0,2016,8,17
3932,1.0,2016,8,18
3933,1.0,2016,8,19
3934,0.0,2016,8,20
3935,1.0,2016,8,21
3936,1.0,2016,8,22
3937,1.0,2016,8,23
3938,1.0,2016,8,24
3939,1.0,2016,8,25
3940,1.0,2016,8,26
3941,1.0,2016,8,27
3942,1.0,2016,8,28
3943,0.0,2016,8,29
3944,0.0,2016,8,30
3945,0.0,2016,8,31
3946,0.0,2016,9,1
3947,0.0,2016,9,2
3948,0.0,2016,9,3
3949,0.0,2016,9,4
3950,0.0,2016,9,5
3951,0.0,2016,9,6
3952,0.0,2017,5,26
3953,0.0,2017,5,27
3954,0.0,2017,5,28
3955,0.0,2017,5,29
3956,0.0,2017,5,30
3957,0.0,2017,5,31
3958,0.0,2017,6,1
3959,0.0,2017,6,2
3960,0.0,2017,6,3
3961,0.0,2017,6,4
3962,0.0,2017,6,5
3963,0.0,2017,6,6
3964,0.0,2017,6,7
3965,0.0,2017,6,8
3966,0.0,2017,6,9
3967,0.0,2017,6,10
3968,0.0,2017,6,11
3969,0.0,2017,6,12
3970,0.0,2017,6,13
3971,0.0,2017,6,14
3972,0.0,2017,6,15
3973,0.0,2017,6,16
3974,1.0,2017,6,17
3975,1.0,2017,6,18
3976,1.0,2017,6,19
3977,1.0,2017,6,20
3978,1.0,2017,6,21
3979,0.0,2017,6,22
3980,0.0,2017,6,23
3981,0.0,2017,6,24
3982,0.0,2017,6,25
3983,0.0,2017,6,26
3984,0.0,2017,6,27
3985,0.0,2017,6,28
3986,0.0,2017,6,29
3987,0.0,2017,6,30
3988,0.0,2017,7,1
3989,0.0,2017,7,2
3990,0.0,2017,7,3
3991,0.0,2017,7,4
3992,0.0,2017,7,5
3993,0.0,2017,7,6
3994,0.0,2017,7,7
3995,0.0,2017,7,8
3996,0.0,2017,7,9
3997,0.0,2017,7,10
3998,0.0,2017,7,11
3999,0.0,2017,7,12
4000,0.0,2017,7,13
4001,0.0,2017,7,14
4002,0.0,2017,7,15
4003,0.0,2017,7,16
4004,0.0,2017,7,17
4005,0.0,2017,7,18
4006,0.0,2017,7,19
4007,0.0,2017,7,20
4008,1.0,2017,7,21
4009,1.0,2017,7,22
4010,1.0,2017,7,23
4011,1.0,2017,7,24
4012,1.0,2017,7,25
4013,0.0,2017,7,26
4014,0.0,2017,7,27
4015,0.0,2017,7,28
4016,0.0,2017,7,29
4017,0.0,2017,7,30
4018,0.0,2017,7,31
4019,1.0,2017,8,1
4020,1.0,2017,8,2
4021,1.0,2017,8,3
4022,1.0,2017,8,4
4023,1.0,2017,8,5
4024,0.0,2017,8,6
4025,0.0,2017,8,7
4026,1.0,2017,8,8
4027,1.0,2017,8,9
4028,1.0,2017,8,10
4029,1.0,2017,8,11
4030,1.0,2017,8,12
4031,0.0,2017,8,13
4032,0.0,2017,8,14
4033,0.0,2017,8,15
4034,0.0,2017,8,16
4035,0.0,2017,8,17
4036,0.0,2017,8,18
4037,0.0,2017,8,19
4038,0.0,2017,8,20
4039,0.0,2017,8,21
4040,0.0,2017,8,22
4041,0.0,2017,8,23
4042,0.0,2017,8,24
4043,0.0,2017,8,25
4044,0.0,2017,8,26
4045,0.0,2017,8,27
4046,0.0,2017,8,28
4047,0.0,2017,8,29
4048,0.0,2017,8,30
4049,0.0,2017,8,31
4050,0.0,2017,9,1
4051,0.0,2017,9,2
4052,0.0,2017,9,3
4053,0.0,2017,9,4
4054,0.0,2017,9,5
4055,0.0,2017,9,6
4056,0.0,2018,5,26
4057,0.0,2018,5,27
4058,1.0,2018,5,28
4059,1.0,2018,5,29
4060,1.0,2018,5,30
4061,1.0,2018,5,31
4062,1.0,2018,6,1
4063,0.0,2018,6,2
4064,0.0,2018,6,3
4065,0.0,2018,6,4
4066,0.0,2018,6,5
4067,0.0,2018,6,6
4068,0.0,2018,6,7
4069,0.0,2018,6,8
4070,0.0,2018,6,9
4071,0.0,2018,6,10
4072,0.0,2018,6,11
4073,0.0,2018,6,12
4074,0.0,2018,6,13
4075,0.0,2018,6,14
4076,0.0,2018,6,15
4077,0.0,2018,6,16
4078,0.0,2018,6,17
4079,0.0,2018,6,18
4080,0.0,2018,6,19
4081,0.0,2018,6,20
4082,0.0,2018,6,21
4083,0.0,2018,6,22
4084,0.0,2018,6,23
4085,0.0,2018,6,24
4086,1.0,2018,6,25
4087,1.0,2018,6,26
4088,1.0,2018,6,27
4089,1.0,2018,6,28
4090,1.0,2018,6,29
4091,1.0,2018,6,30
4092,1.0,2018,7,1
4093,1.0,2018,7,2
4094,1.0,2018,7,3
4095,1.0,2018,7,4
4096,0.0,2018,7,5
4097,0.0,2018,7,6
4098,1.0,2018,7,7
4099,1.0,2018,7,8
4100,1.0,2018,7,9
4101,1.0,2018,7,10
4102,1.0,2018,7,11
4103,1.0,2018,7,12
4104,0.0,2018,7,13
4105,0.0,2018,7,14
4106,0.0,2018,7,15
4107,1.0,2018,7,16
4108,1.0,2018,7,17
4109,1.0,2018,7,18
4110,1.0,2018,7,19
4111,1.0,2018,7,20
4112,0.0,2018,7,21
4113,0.0,2018,7,22
4114,0.0,2018,7,23
4115,1.0,2018,7,24
4116,1.0,2018,7,25
4117,1.0,2018,7,26
4118,1.0,2018,7,27
4119,1.0,2018,7,28
4120,1.0,2018,7,29
4121,1.0,2018,7,30
4122,1.0,2018,7,31
4123,1.0,2018,8,1
4124,1.0,2018,8,2
4125,1.0,2018,8,3
4126,0.0,2018,8,4
4127,0.0,2018,8,5
4128,0.0,2018,8,6
4129,0.0,2018,8,7
4130,0.0,2018,8,8
4131,0.0,2018,8,9
4132,0.0,2018,8,10
4133,0.0,2018,8,11
4134,0.0,2018,8,12
4135,0.0,2018,8,13
4136,0.0,2018,8,14
4137,0.0,2018,8,15
4138,0.0,2018,8,16
4139,0.0,2018,8,17
4140,0.0,2018,8,18
4141,0.0,2018,8,19
4142,0.0,2018,8,20
4143,0.0,2018,8,21
4144,0.0,2018,8,22
4145,0.0,2018,8,23
4146,0.0,2018,8,24
4147,0.0,2018,8,25
4148,0.0,2018,8,26
4149,0.0,2018,8,27
4150,0.0,2018,8,28
4151,0.0,2018,8,29
4152,0.0,2018,8,30
4153,0.0,2018,8,31
4154,0.0,2018,9,1
4155,0.0,2018,9,2
4156,0.0,2018,9,3
4157,0.0,2018,9,4
4158,0.0,2018,9,5
4159,0.0,2018,9,6
4160,0.0,2019,5,26
4161,0.0,2019,5,27
4162,0.0,2019,5,28
4163,0.0,2019,5,29
4164,0.0,2019,5,30
4165,0.0,2019,5,31
4166,0.0,2019,6,1
4167,0.0,2019,6,2
4168,0.0,2019,6,3
4169,0.0,2019,6,4
4170,1.0,2019,6,5
4171,1.0,2019,6,6
4172,1.0,2019,6,7
4173,1.0,2019,6,8
4174,1.0,2019,6,9
4175,0.0,2019,6,10
4176,1.0,2019,6,11
4177,1.0,2019,6,12
4178,1.0,2019,6,13
4179,1.0,2019,6,14
4180,1.0,2019,6,15
4181,1.0,2019,6,16
4182,0.0,2019,6,17
4183,0.0,2019,6,18
4184,0.0,2019,6,19
4185,0.0,2019,6,20
4186,0.0,2019,6,21
4187,0.0,2019,6,22
4188,1.0,2019,6,23
4189,1.0,2019,6,24
4190,1.0,2019,6,25
4191,1.0,2019,6,26
4192,1.0,2019,6,27
4193,1.0,2019,6,28
4194,1.0,2019,6,29
4195,1.0,2019,6,30
4196,0.0,2019,7,1
4197,0.0,2019,7,2
4198,0.0,2019,7,3
4199,0.0,2019,7,4
4200,0.0,2019,7,5
4201,0.0,2019,7,6
4202,0.0,2019,7,7
4203,0.0,2019,7,8
4204,0.0,2019,7,9
4205,0.0,2019,7,10
4206,0.0,2019,7,11
4207,0.0,2019,7,12
4208,0.0,2019,7,13
4209,0.0,2019,7,14
4210,0.0,2019,7,15
4211,0.0,2019,7,16
4212,0.0,2019,7,17
4213,0.0,2019,7,18
4214,0.0,2019,7,19
4215,0.0,2019,7,20
4216,0.0,2019,7,21
4217,1.0,2019,7,22
4218,1.0,2019,7,23
4219,1.0,2019,7,24
4220,1.0,2019,7,25
4221,1.0,2019,7,26
4222,1.0,2019,7,27
4223,1.0,2019,7,28
4224,1.0,2019,7,29
4225,0.0,2019,7,30
4226,0.0,2019,7,31
4227,0.0,2019,8,1
4228,0.0,2019,8,2
4229,0.0,2019,8,3
4230,0.0,2019,8,4
4231,0.0,2019,8,5
4232,0.0,2019,8,6
4233,0.0,2019,8,7
4234,0.0,2019,8,8
4235,0.0,2019,8,9
4236,0.0,2019,8,10
4237,0.0,2019,8,11
4238,0.0,2019,8,12
4239,0.0,2019,8,13
4240,0.0,2019,8,14
4241,0.0,2019,8,15
4242,0.0,2019,8,16
4243,0.0,2019,8,17
4244,0.0,2019,8,18
4245,0.0,2019,8,19
4246,1.0,2019,8,20
4247,1.0,2019,8,21
4248,1.0,2019,8,22
4249,1.0,2019,8,23
4250,1.0,2019,8,24
4251,1.0,2019,8,25
4252,1.0,2019,8,26
4253,1.0,2019,8,27
4254,1.0,2019,8,28
4255,1.0,2019,8,29
4256,1.0,2019,8,30
4257,1.0,2019,8,31
4258,0.0,2019,9,1
4259,0.0,2019,9,2
4260,0.0,2019,9,3
4261,0.0,2019,9,4
4262,0.0,2019,9,5
4263,0.0,2019,9,6
